pop	architecture	setting	p_causal	scenario	method	mean_error	n_replicates	true_h2	absolute_relative_bias	maf_support	design_category
AFR	GCTA	maf05	0.01	GCTA, common MAF, p=0.01	SUMMIT-GW	-0.02309351877348094	100	0.5	0.04618703754696188	common MAF	GCTA, common MAF
AFR	GCTA	maf05	1.0	GCTA, common MAF, p=1	SUMMIT-GW	-0.04640025553578298	100	0.5	0.09280051107156596	common MAF	GCTA, common MAF
AFR	GCTA	maf01	0.01	GCTA, low MAF, p=0.01	SUMMIT-GW	0.003711523640607527	100	0.5	0.007423047281215054	low MAF	GCTA, low MAF
AFR	GCTA	maf01	1.0	GCTA, low MAF, p=1	SUMMIT-GW	0.01437548987804127	100	0.5	0.02875097975608254	low MAF	GCTA, low MAF
AFR	LDAK	maf05_ldak	0.01	LDAK, common MAF, p=0.01	SUMMIT-GW	-0.0018193220179221609	100	0.5000000000274122	0.0036386440356448355	common MAF	LDAK, common MAF
AFR	LDAK	maf05_ldak	1.0	LDAK, common MAF, p=1	SUMMIT-GW	-0.02378196948824612	100	0.5000000000201261	0.04756393897457768	common MAF	LDAK, common MAF
AFR	LDAK	maf01_ldak	0.01	LDAK, low MAF, p=0.01	SUMMIT-GW	-0.03730495184560485	100	0.5000000000506588	0.0746099036836504	low MAF	LDAK, low MAF
AFR	LDAK	maf01_ldak	1.0	LDAK, low MAF, p=1	SUMMIT-GW	-0.026606141412833094	100	0.5000000000428031	0.05321228282111089	low MAF	LDAK, low MAF
AFR	GCTA	maf05	0.01	GCTA, common MAF, p=0.01	SumHer-LDAK	8.81274945	100	0.5	17.6254989	common MAF	GCTA, common MAF
AFR	GCTA	maf05	1.0	GCTA, common MAF, p=1	SumHer-LDAK	6.576574020000001	100	0.5	13.153148040000001	common MAF	GCTA, common MAF
AFR	GCTA	maf01	0.01	GCTA, low MAF, p=0.01	SumHer-LDAK	5.685111399999999	100	0.5	11.370222799999999	low MAF	GCTA, low MAF
AFR	GCTA	maf01	1.0	GCTA, low MAF, p=1	SumHer-LDAK	4.86718899	100	0.5	9.73437798	low MAF	GCTA, low MAF
AFR	LDAK	maf05_ldak	0.01	LDAK, common MAF, p=0.01	SumHer-LDAK	4.403602029972588	100	0.5000000000274122	8.807204059462327	common MAF	LDAK, common MAF
AFR	LDAK	maf05_ldak	1.0	LDAK, common MAF, p=1	SumHer-LDAK	4.059374869979874	100	0.5000000000201261	8.11874973963295	common MAF	LDAK, common MAF
AFR	LDAK	maf01_ldak	0.01	LDAK, low MAF, p=0.01	SumHer-LDAK	3.771348869949341	100	0.5000000000506588	7.542697739134474	low MAF	LDAK, low MAF
AFR	LDAK	maf01_ldak	1.0	LDAK, low MAF, p=1	SumHer-LDAK	3.1311113499571968	100	0.5000000000428031	6.2622226993783086	low MAF	LDAK, low MAF
AFR	GCTA	maf05	0.01	GCTA, common MAF, p=0.01	cov-LDSC-W	-0.035918999999999486	100	0.5	0.07183799999999897	common MAF	GCTA, common MAF
AFR	GCTA	maf05	1.0	GCTA, common MAF, p=1	cov-LDSC-W	-0.02045200000033252	100	0.5	0.04090400000066504	common MAF	GCTA, common MAF
AFR	GCTA	maf01	0.01	GCTA, low MAF, p=0.01	cov-LDSC-W	0.34560700000000005	100	0.5	0.6912140000000001	low MAF	GCTA, low MAF
AFR	GCTA	maf01	1.0	GCTA, low MAF, p=1	cov-LDSC-W	0.42758299999992333	100	0.5	0.8551659999998467	low MAF	GCTA, low MAF
AFR	LDAK	maf05_ldak	0.01	LDAK, common MAF, p=0.01	cov-LDSC-W	-0.16757500002741219	100	0.5000000000274122	0.33515000003644996	common MAF	LDAK, common MAF
AFR	LDAK	maf05_ldak	1.0	LDAK, common MAF, p=1	cov-LDSC-W	-0.054695000020126124	100	0.5000000000201261	0.10939000003584905	common MAF	LDAK, common MAF
AFR	LDAK	maf01_ldak	0.01	LDAK, low MAF, p=0.01	cov-LDSC-W	0.02698299994934116	100	0.5000000000506588	0.05396599989321461	low MAF	LDAK, low MAF
AFR	LDAK	maf01_ldak	1.0	LDAK, low MAF, p=1	cov-LDSC-W	-0.020343000042803094	100	0.5000000000428031	0.04068600008212322	low MAF	LDAK, low MAF
EUR	GCTA	maf05	0.01	GCTA, common MAF, p=0.01	SUMMIT-GW	0.012449909217069297	100	0.5	0.024899818434138594	common MAF	GCTA, common MAF
EUR	GCTA	maf05	1.0	GCTA, common MAF, p=1	SUMMIT-GW	0.009065474267157085	100	0.5	0.01813094853431417	common MAF	GCTA, common MAF
EUR	GCTA	maf01	0.01	GCTA, low MAF, p=0.01	SUMMIT-GW	-0.008272092565002944	100	0.5	0.016544185130005887	low MAF	GCTA, low MAF
EUR	GCTA	maf01	1.0	GCTA, low MAF, p=1	SUMMIT-GW	-0.002497405735877324	100	0.5	0.004994811471754648	low MAF	GCTA, low MAF
EUR	LDAK	maf05_ldak	0.01	LDAK, common MAF, p=0.01	SUMMIT-GW	-0.008972250326065303	100	0.4999999999812553	0.017944500652803334	common MAF	LDAK, common MAF
EUR	LDAK	maf05_ldak	1.0	LDAK, common MAF, p=1	SUMMIT-GW	-0.00467721655310748	100	0.4999999999820375	0.009354433106551017	common MAF	LDAK, common MAF
EUR	LDAK	maf01_ldak	0.01	LDAK, low MAF, p=0.01	SUMMIT-GW	0.002373436106163935	100	0.49999999999526606	0.004746872212372812	low MAF	LDAK, low MAF
EUR	LDAK	maf01_ldak	1.0	LDAK, low MAF, p=1	SUMMIT-GW	-0.007369687711155601	100	0.4999999999463256	0.014739375423893456	low MAF	LDAK, low MAF
EUR	GCTA	maf05	0.01	GCTA, common MAF, p=0.01	SumHer-LDAK	0.019555799999999998	100	0.5	0.039111599999999996	common MAF	GCTA, common MAF
EUR	GCTA	maf05	1.0	GCTA, common MAF, p=1	SumHer-LDAK	0.01720939	100	0.5	0.03441878	common MAF	GCTA, common MAF
EUR	GCTA	maf01	0.01	GCTA, low MAF, p=0.01	SumHer-LDAK	0.0012963899999999988	100	0.5	0.0025927799999999977	low MAF	GCTA, low MAF
EUR	GCTA	maf01	1.0	GCTA, low MAF, p=1	SumHer-LDAK	0.00473837	100	0.5	0.00947674	low MAF	GCTA, low MAF
EUR	LDAK	maf05_ldak	0.01	LDAK, common MAF, p=0.01	SumHer-LDAK	0.009716180018744696	100	0.4999999999812553	0.0194323600382179	common MAF	LDAK, common MAF
EUR	LDAK	maf05_ldak	1.0	LDAK, common MAF, p=1	SumHer-LDAK	0.013363450017962518	100	0.4999999999820375	0.0267269000368852	common MAF	LDAK, common MAF
EUR	LDAK	maf01_ldak	0.01	LDAK, low MAF, p=0.01	SumHer-LDAK	0.020904350004733938	100	0.49999999999526606	0.04180870000986371	low MAF	LDAK, low MAF
EUR	LDAK	maf01_ldak	1.0	LDAK, low MAF, p=1	SumHer-LDAK	0.0073820200536743995	100	0.4999999999463256	0.014764040108933701	low MAF	LDAK, low MAF
EUR	GCTA	maf05	0.01	GCTA, common MAF, p=0.01	cov-LDSC-W	0.029181999999999687	100	0.5	0.058363999999999375	common MAF	GCTA, common MAF
EUR	GCTA	maf05	1.0	GCTA, common MAF, p=1	cov-LDSC-W	0.01707799999980375	100	0.5	0.0341559999996075	common MAF	GCTA, common MAF
EUR	GCTA	maf01	0.01	GCTA, low MAF, p=0.01	cov-LDSC-W	-0.046102999999999526	100	0.5	0.09220599999999905	low MAF	GCTA, low MAF
EUR	GCTA	maf01	1.0	GCTA, low MAF, p=1	cov-LDSC-W	0.044909999999981354	100	0.5	0.08981999999996271	low MAF	GCTA, low MAF
EUR	LDAK	maf05_ldak	0.01	LDAK, common MAF, p=0.01	cov-LDSC-W	-0.3114519999812553	100	0.4999999999812553	0.6229039999858628	common MAF	LDAK, common MAF
EUR	LDAK	maf05_ldak	1.0	LDAK, common MAF, p=1	cov-LDSC-W	-0.29810999998203747	100	0.4999999999820375	0.5962199999854941	common MAF	LDAK, common MAF
EUR	LDAK	maf01_ldak	0.01	LDAK, low MAF, p=0.01	cov-LDSC-W	-0.24618599999526605	100	0.49999999999526606	0.4923719999951938	low MAF	LDAK, low MAF
EUR	LDAK	maf01_ldak	1.0	LDAK, low MAF, p=1	cov-LDSC-W	-0.2628829999463256	100	0.4999999999463256	0.5257659999490915	low MAF	LDAK, low MAF
SAS	GCTA	maf05	0.01	GCTA, common MAF, p=0.01	SUMMIT-GW	0.0015503530048865996	100	0.5	0.003100706009773199	common MAF	GCTA, common MAF
SAS	GCTA	maf05	1.0	GCTA, common MAF, p=1	SUMMIT-GW	7.193138765153019e-05	100	0.5	0.00014386277530306038	common MAF	GCTA, common MAF
SAS	GCTA	maf01	0.01	GCTA, low MAF, p=0.01	SUMMIT-GW	-0.0009673949863841379	100	0.5	0.0019347899727682758	low MAF	GCTA, low MAF
SAS	GCTA	maf01	1.0	GCTA, low MAF, p=1	SUMMIT-GW	-0.007317455178241303	100	0.5	0.014634910356482607	low MAF	GCTA, low MAF
SAS	LDAK	maf05_ldak	0.01	LDAK, common MAF, p=0.01	SUMMIT-GW	-0.009206860645378043	100	0.5000000000232581	0.018413721289899553	common MAF	LDAK, common MAF
SAS	LDAK	maf05_ldak	1.0	LDAK, common MAF, p=1	SUMMIT-GW	-0.01276212677142962	100	0.4999999999721396	0.02552425354428147	common MAF	LDAK, common MAF
SAS	LDAK	maf01_ldak	0.01	LDAK, low MAF, p=0.01	SUMMIT-GW	-0.01598502068711322	100	0.49999999997248323	0.031970041375985865	low MAF	LDAK, low MAF
SAS	LDAK	maf01_ldak	1.0	LDAK, low MAF, p=1	SUMMIT-GW	-0.007366403642656916	100	0.4999999999860769	0.014732807285724084	low MAF	LDAK, low MAF
SAS	GCTA	maf05	0.01	GCTA, common MAF, p=0.01	SumHer-LDAK	1.35999776	100	0.5	2.71999552	common MAF	GCTA, common MAF
SAS	GCTA	maf05	1.0	GCTA, common MAF, p=1	SumHer-LDAK	1.3683937700000002	100	0.5	2.7367875400000004	common MAF	GCTA, common MAF
SAS	GCTA	maf01	0.01	GCTA, low MAF, p=0.01	SumHer-LDAK	0.7251603400000001	100	0.5	1.4503206800000001	low MAF	GCTA, low MAF
SAS	GCTA	maf01	1.0	GCTA, low MAF, p=1	SumHer-LDAK	1.01774218	100	0.5	2.03548436	low MAF	GCTA, low MAF
SAS	LDAK	maf05_ldak	0.01	LDAK, common MAF, p=0.01	SumHer-LDAK	1.028830589976742	100	0.5000000000232581	2.0576611798577695	common MAF	LDAK, common MAF
SAS	LDAK	maf05_ldak	1.0	LDAK, common MAF, p=1	SumHer-LDAK	1.4714301200278603	100	0.4999999999721396	2.9428602402196993	common MAF	LDAK, common MAF
SAS	LDAK	maf01_ldak	0.01	LDAK, low MAF, p=0.01	SumHer-LDAK	1.0539331600275168	100	0.49999999997248323	2.107866320171037	low MAF	LDAK, low MAF
SAS	LDAK	maf01_ldak	1.0	LDAK, low MAF, p=1	SumHer-LDAK	0.788640520013923	100	0.4999999999860769	1.5772810400717674	low MAF	LDAK, low MAF
SAS	GCTA	maf05	0.01	GCTA, common MAF, p=0.01	cov-LDSC-W	0.05361199999999994	100	0.5	0.10722399999999987	common MAF	GCTA, common MAF
SAS	GCTA	maf05	1.0	GCTA, common MAF, p=1	cov-LDSC-W	0.008671000000136972	100	0.5	0.017342000000273944	common MAF	GCTA, common MAF
SAS	GCTA	maf01	0.01	GCTA, low MAF, p=0.01	cov-LDSC-W	0.10463800000000045	100	0.5	0.2092760000000009	low MAF	GCTA, low MAF
SAS	GCTA	maf01	1.0	GCTA, low MAF, p=1	cov-LDSC-W	0.05622499999990934	100	0.5	0.11244999999981868	low MAF	GCTA, low MAF
SAS	LDAK	maf05_ldak	0.01	LDAK, common MAF, p=0.01	cov-LDSC-W	-0.31318500002325805	100	0.5000000000232581	0.6263700000173797	common MAF	LDAK, common MAF
SAS	LDAK	maf05_ldak	1.0	LDAK, common MAF, p=1	cov-LDSC-W	-0.2749839999721396	100	0.4999999999721396	0.5499679999749238	common MAF	LDAK, common MAF
SAS	LDAK	maf01_ldak	0.01	LDAK, low MAF, p=0.01	cov-LDSC-W	-0.15941699997248324	100	0.49999999997248323	0.31883399996251305	low MAF	LDAK, low MAF
SAS	LDAK	maf01_ldak	1.0	LDAK, low MAF, p=1	cov-LDSC-W	-0.1837089999860769	100	0.4999999999860769	0.367417999982385	low MAF	LDAK, low MAF
