pop	case	case_label	group	estimator	target_mean	baseline_mean	ratio	deficit_pct	n_snps	summit_nvecs	summit_seed	baseline_nvecs	baseline_seed	baseline_mean_ldscore	target_nvecs	target_seed	target_mean_ldscore	target_file_count
AFR	nocov	No covariates	20Mb	20Mb	63.3575046006423	2171.748103588773	0.0291735052034557	97.08264947965442	1002034	1024	2026072302	1024.0	2026072302.0	2171.748103588773			63.3575046006423	1.0
AFR	nocov	No covariates	2Mb	2Mb	19.033449648415125	2171.748103588773	0.0087641147778431	99.12358852221568	1002034	1024	2026072302	1024.0	2026072302.0	2171.748103588773			19.033449648415125	1.0
AFR	nocov	No covariates	CHR	CHR	159.95735552654205	2171.748103588773	0.0736537332585742	92.63462667414257	1002034	1024	2026072302	1024.0	2026072302.0	2171.748103588773	1024.0	2026072302.0	159.95735552654205	22.0
EUR	nocov	No covariates	20Mb	20Mb	3.62010741798343	3.691505351315589	0.9806588568788844	1.934114312111568	454207	1024	2026072302	1024.0	2026072302.0	3.691505351315589			3.62010741798343	1.0
EUR	nocov	No covariates	2Mb	2Mb	3.559879440431345	3.691505351315589	0.9643435676349934	3.56564323650066	454207	1024	2026072302	1024.0	2026072302.0	3.691505351315589			3.559879440431345	1.0
EUR	nocov	No covariates	CHR	CHR	3.621629928241968	3.691505351315589	0.9810712930298968	1.8928706970103293	454207	1024	2026072302	1024.0	2026072302.0	3.691505351315589	1024.0	2026072302.0	3.621629928241968	22.0
SAS	nocov	No covariates	20Mb	20Mb	4.079724118705718	11.47891092999824	0.3554103820114181	64.4589617988582	448403	1024	2026072303	1024.0	2026072303.0	11.47891092999824			4.079724118705718	1.0
SAS	nocov	No covariates	2Mb	2Mb	3.915128518319458	11.47891092999824	0.3410714258691489	65.89285741308511	448403	1024	2026072303	1024.0	2026072303.0	11.47891092999824			3.915128518319458	1.0
SAS	nocov	No covariates	CHR	CHR	4.3866184991715045	11.47891092999824	0.3821458782912759	61.78541217087241	448403	1024	2026072303	1024.0	2026072303.0	11.47891092999824	1024.0	2026072303.0	4.3866184991715045	22.0
AFR	pc	PC-adjusted	20Mb	20Mb	15.045435700547088	17.36586620608183	0.8663798005813217	13.362019941867832	1002034	1024	2026072302	1024.0	2026072302.0	17.36586620608183			15.045435700547088	1.0
AFR	pc	PC-adjusted	2Mb	2Mb	15.045344927087305	17.36586620608183	0.866374573461712	13.362542653828802	1002034	1024	2026072302	1024.0	2026072302.0	17.36586620608183			15.045344927087305	1.0
AFR	pc	PC-adjusted	CHR	CHR	15.174315913541854	17.36586620608183	0.8738012681583107	12.619873184168927	1002034	1024	2026072302	1024.0	2026072302.0	17.36586620608183	1024.0	2026072302.0	15.174315913541854	22.0
EUR	pc	PC-adjusted	20Mb	20Mb	3.61032596533985	3.61957566313377	0.9974445353116581	0.2555464688341891	454207	1024	2026072304	1024.0	2026072304.0	3.61957566313377			3.61032596533985	1.0
EUR	pc	PC-adjusted	2Mb	2Mb	3.610325965387949	3.61957566313377	0.9974445353249468	0.25554646750531873	454207	1024	2026072304	1024.0	2026072304.0	3.61957566313377			3.610325965387949	1.0
EUR	pc	PC-adjusted	CHR	CHR	3.6075435410396586	3.61957566313377	0.9966758197054253	0.3324180294574708	454207	1024	2026072304	1024.0	2026072304.0	3.61957566313377	1024.0	2026072302.0	3.6075435410396586	22.0
SAS	pc	PC-adjusted	20Mb	20Mb	3.92941658798614	4.302620165705849	0.9132613237175016	8.673867628249843	448403	1024	2026072303	1024.0	2026072303.0	4.302620165705849			3.92941658798614	1.0
SAS	pc	PC-adjusted	2Mb	2Mb	3.92941658702328	4.302620165705849	0.9132613234937172	8.673867650628287	448403	1024	2026072303	1024.0	2026072303.0	4.302620165705849			3.92941658702328	1.0
SAS	pc	PC-adjusted	CHR	CHR	3.934697453235146	4.302620165705849	0.914488684034152	8.551131596584804	448403	1024	2026072303	1024.0	2026072303.0	4.302620165705849	1024.0	2026072303.0	3.934697453235146	22.0
