pop	architecture	method	median_rel_mse	q25_rel_mse	q75_rel_mse	n_settings
AFR	GCTA	SUMMIT-GW	1.0	1.0	1.0	4
AFR	GCTA	SumHer-LDAK	3965.56547828159	3763.446886799667	4481.243677815213	4
AFR	GCTA	cov-LDSC-W	9.043699858681611	5.486864901803742	14.013430089953612	4
AFR	LDAK	SUMMIT-GW	1.0	1.0	1.0	4
AFR	LDAK	SumHer-LDAK	1762.893227867829	1147.4655037666214	2511.8384613993753	4
AFR	LDAK	cov-LDSC-W	6.607777886140335	5.817924486738901	7.561741037973426	4
EUR	GCTA	SUMMIT-GW	1.0	1.0	1.0	4
EUR	GCTA	SumHer-LDAK	1.0089432730931773	1.0040536339469528	1.0602874488227987	4
EUR	GCTA	cov-LDSC-W	39.53713974110532	36.97587019959885	45.06941818645252	4
EUR	LDAK	SUMMIT-GW	1.0	1.0	1.0	4
EUR	LDAK	SumHer-LDAK	1.1275932500614263	1.0675303033909702	1.2076838891861321	4
EUR	LDAK	cov-LDSC-W	65.61976296844234	62.9026064304125	68.23444276863572	4
SAS	GCTA	SUMMIT-GW	1.0	1.0	1.0	4
SAS	GCTA	SumHer-LDAK	596.3000508116465	474.4778133730831	688.3522898398425	4
SAS	GCTA	cov-LDSC-W	36.984771140520586	34.093791808011254	40.81459607262684	4
SAS	LDAK	SUMMIT-GW	1.0	1.0	1.0	4
SAS	LDAK	SumHer-LDAK	476.5160332041306	331.82552524263235	665.507855629184	4
SAS	LDAK	cov-LDSC-W	44.632636169485686	41.777313791842566	50.46584907332704	4
