pop	method	n_settings	median	q25	q75	min	max
AFR	covldsc	9	2.3692031835542586	2.2277891792468676	2.4067174728001564	2.2014725144257716	2.8959277332864657
AFR	sumher_ldak	9	10635.699401324027	2736.4889018005174	14504.651032004469	1747.5505000372593	29479.330686103753
AFR	summit	9	1.0	1.0	1.0	1.0	1.0
EUR	covldsc	9	3.787626426491494	3.355572237163742	4.060209168285509	2.491596034368028	5.060944307425932
EUR	sumher_ldak	9	1.7546416835674894	0.8532397263612769	2.7294239216460574	0.7006198737453976	2.945822757714546
EUR	summit	9	1.0	1.0	1.0	1.0	1.0
SAS	covldsc	9	3.3122186129044966	3.25350115318661	3.5306088979261454	2.275413824234697	4.016067677967941
SAS	sumher_ldak	9	137.58462568561282	32.68438904434767	176.97084964239005	11.67020000738384	630.0460648279211
SAS	summit	9	1.0	1.0	1.0	1.0	1.0
