pop,method,a,b,total_rg,total_rg_se,total_rg_z,total_rg_p_two_sided,total_rg_sign,n_valid_panels,valid_panel_labels,expected_panel_labels,n_positive_panels,n_negative_panels,n_zero_panels,frac_positive_panels,all_panel_deltas_positive,min_panel_delta,max_panel_delta,pair_gls_mean,pair_gls_se,pair_gls_z,pair_gls_p_one_sided,pair_gls_p_two_sided,pair_omnibus_Q,pair_omnibus_df,pair_omnibus_p,jack_reps_total,jack_reps_complete,jack_complete_fraction,pair_gls_family_m,pair_gls_bonf_alpha,pair_gls_p_bonf,pair_gls_p_holm,pair_gls_q_bh,pair_gls_sig_bonf,pair_gls_sig_holm,pair_gls_sig_bh,pair_omnibus_family_m,pair_omnibus_bonf_alpha,pair_omnibus_p_bonf,pair_omnibus_p_holm,pair_omnibus_q_bh,pair_omnibus_sig_bonf,pair_omnibus_sig_holm,pair_omnibus_sig_bh,pair_gls_hit_nominal,pair_omnibus_hit_nominal,primary_hit_nominal,primary_hit_fdr_bh,primary_hit_bonf,primary_hit_holm,relaxed_hit_nominal,relaxed_hit_fdr_bh,relaxed_hit_bonf,relaxed_hit_holm,directional_hit_nominal,directional_hit_fdr_bh,directional_hit_bonf,directional_hit_holm
EUR_300k,summit,apo_b,educational_qualification,-0.0721015,0.0129496,-5.567855377772286,2.5789372711004958e-08,-1,3,"ld2,ld3,ld4","ld1,ld2,ld3,ld4",3,0,0,1.0,True,0.042521500000000004,0.1123426,0.0679862807641791,0.03789092799774826,1.7942627525042227,0.03638562013036308,0.07277124026072616,3.6944629737936374,3,0.2964028094899848,200,200,1.0,760,6.578947368421052e-05,1.0,1.0,0.9998153588797708,False,False,False,760,6.578947368421052e-05,1.0,1.0,0.9986077520673456,False,False,False,True,False,False,False,False,False,False,False,False,False,True,False,False,False
EUR_300k,summit,apo_b,whr,0.141552,0.0200412,7.063050116759476,1.628869406490617e-12,1,4,"ld1,ld2,ld3,ld4","ld1,ld2,ld3,ld4",3,1,0,0.75,False,-0.047608,0.2486288,0.10641997824972019,0.04547063534729185,2.3404110683062704,0.009631262672089412,0.019262525344178823,11.718585940886904,4,0.019571348380776656,200,200,1.0,760,6.578947368421052e-05,1.0,1.0,0.9840743476236817,False,False,False,760,6.578947368421052e-05,1.0,1.0,0.9986077520673456,False,False,False,True,True,False,False,False,False,True,False,False,False,True,False,False,False
EUR_300k,summit,blood_mscv,triglycerides,-0.241791,0.0157348,-15.366639550550373,2.740178808478794e-53,-1,4,"ld1,ld2,ld3,ld4","ld1,ld2,ld3,ld4",3,1,0,0.75,False,-0.007191000000000003,0.132803,0.07644218999491405,0.04011369873289315,1.9056380341270203,0.02834859197097346,0.05669718394194692,5.818738296275922,4,0.21310012989140356,200,200,1.0,760,6.578947368421052e-05,1.0,1.0,0.9998153588797708,False,False,False,760,6.578947368421052e-05,1.0,1.0,0.9986077520673456,False,False,False,True,False,False,False,False,False,False,False,False,False,True,False,False,False
EUR_300k,summit,bp_systolic,dyslipidaemia_e78,0.359852,0.0190697,18.870354541497772,1.999525208819126e-79,1,4,"ld1,ld2,ld3,ld4","ld1,ld2,ld3,ld4",2,2,0,0.5,False,-0.07040200000000002,0.240275,0.12452476993808,0.05063056587569552,2.459478139031749,0.006956958560161703,0.013913917120323405,10.894295562034326,4,0.027778027388674978,200,200,1.0,760,6.578947368421052e-05,1.0,1.0,0.9341026370102186,False,False,False,760,6.578947368421052e-05,1.0,1.0,0.9986077520673456,False,False,False,True,True,False,False,False,False,True,False,False,False,True,False,False,False
EUR_300k,summit,bp_systolic,hypertension_i10,0.779293,0.0105314,73.99709440340315,0.0,1,4,"ld1,ld2,ld3,ld4","ld1,ld2,ld3,ld4",3,1,0,0.75,False,-0.09278199999999992,0.1621459999999999,0.0799945037535406,0.034583302814604755,2.313096125675955,0.010358677343407176,0.020717354686814352,15.20255598323008,4,0.004299024271139808,200,200,1.0,760,6.578947368421052e-05,1.0,1.0,0.9840743476236817,False,False,False,760,6.578947368421052e-05,1.0,1.0,0.9746859682580945,False,False,False,True,True,False,False,False,False,True,False,False,False,True,False,False,False
EUR_300k,summit,creatinine,cystatin_c,0.613466,0.0232214,26.41813155106927,8.482433100815365e-154,1,4,"ld1,ld2,ld3,ld4","ld1,ld2,ld3,ld4",4,0,0,1.0,True,0.07069999999999999,0.18535899999999994,0.10743815653627549,0.03820818292984079,2.8119148385977217,0.0024623770149625164,0.004924754029925033,10.190424388693533,4,0.03733931008803772,200,200,1.0,760,6.578947368421052e-05,1.0,1.0,0.9341026370102186,False,False,False,760,6.578947368421052e-05,1.0,1.0,0.9986077520673456,False,False,False,True,True,True,False,False,False,True,False,False,False,True,False,False,False
EUR_300k,summit,creatinine,hand_grip_strength,0.188549,0.0125215,15.058020205246976,3.0580844570942345e-51,1,4,"ld1,ld2,ld3,ld4","ld1,ld2,ld3,ld4",3,1,0,0.75,False,-0.013938000000000006,0.16382230000000003,0.08911041524367919,0.036543358501149314,2.4384845536536166,0.007374494502712252,0.014748989005424503,8.462027338758064,4,0.07604662865892291,200,200,1.0,760,6.578947368421052e-05,1.0,1.0,0.9341026370102186,False,False,False,760,6.578947368421052e-05,1.0,1.0,0.9986077520673456,False,False,False,True,False,False,False,False,False,False,False,False,False,True,False,False,False
EUR_300k,summit,diastolic_blood_pressure,dyslipidaemia_e78,0.324949,0.0245001,13.263170354406716,3.78547484853662e-40,1,4,"ld1,ld2,ld3,ld4","ld1,ld2,ld3,ld4",3,1,0,0.75,False,-0.25030600000000003,0.199857,0.10913743644649061,0.05914808658428743,1.8451558241189623,0.03250743727692576,0.06501487455385152,9.431836750395641,4,0.051166851139946255,200,200,1.0,760,6.578947368421052e-05,1.0,1.0,0.9998153588797708,False,False,False,760,6.578947368421052e-05,1.0,1.0,0.9986077520673456,False,False,False,True,False,False,False,False,False,False,False,False,False,True,False,False,False
EUR_300k,summit,dyslipidaemia_e78,ggt,0.347552,0.024102,14.420048128785995,3.8707252493694774e-47,1,4,"ld1,ld2,ld3,ld4","ld1,ld2,ld3,ld4",4,0,0,1.0,True,0.028942999999999997,0.14015099999999997,0.09518764486907763,0.057570796209377884,1.6534015705270413,0.04912458172634866,0.09824916345269732,3.7535356618711226,4,0.4403874162747149,200,200,1.0,760,6.578947368421052e-05,1.0,1.0,0.9998153588797708,False,False,False,760,6.578947368421052e-05,1.0,1.0,0.9986077520673456,False,False,False,True,False,False,False,False,False,False,False,False,False,True,False,False,False
EUR_300k,summit,dyslipidaemia_e78,hypertension_i10,0.586286,0.0200512,29.239447015639957,6.11588969505663e-188,1,4,"ld1,ld2,ld3,ld4","ld1,ld2,ld3,ld4",3,1,0,0.75,False,-0.15537300000000004,0.16603599999999996,0.10928652922739628,0.04387285117846072,2.4909830633722354,0.006369509610183074,0.012739019220366148,11.213035799336286,4,0.024271288330608418,200,200,1.0,760,6.578947368421052e-05,1.0,1.0,0.9341026370102186,False,False,False,760,6.578947368421052e-05,1.0,1.0,0.9986077520673456,False,False,False,True,True,False,False,False,False,True,False,False,False,True,False,False,False
EUR_300k,summit,dyslipidaemia_e78,urate,0.283208,0.0245303,11.545231815346735,7.803080830213945e-31,1,4,"ld1,ld2,ld3,ld4","ld1,ld2,ld3,ld4",3,1,0,0.75,False,-0.08579900000000001,0.241629,0.10901705748133703,0.06206167894685445,1.7565921407748586,0.039493676770076445,0.07898735354015289,7.964327837156436,4,0.09289368608457087,200,200,1.0,760,6.578947368421052e-05,1.0,1.0,0.9998153588797708,False,False,False,760,6.578947368421052e-05,1.0,1.0,0.9986077520673456,False,False,False,True,False,False,False,False,False,False,False,False,False,True,False,False,False
EUR_300k,summit,haemoglobin_concentration,triglycerides,0.158489,0.016379,9.676353867757493,3.800279048446576e-22,1,4,"ld1,ld2,ld3,ld4","ld1,ld2,ld3,ld4",3,1,0,0.75,False,-0.03997099999999998,0.1578922,0.08675093708733177,0.04441543342307535,1.9531710128998012,0.025399667315678796,0.05079933463135759,5.500224203047764,4,0.23970977259877255,200,200,1.0,760,6.578947368421052e-05,1.0,1.0,0.9998153588797708,False,False,False,760,6.578947368421052e-05,1.0,1.0,0.9986077520673456,False,False,False,True,False,False,False,False,False,False,False,False,False,True,False,False,False
EUR_300k,summit,hba1c,hypertension_i10,0.206198,0.016331,12.6261710856653,1.514711277488729e-36,1,4,"ld1,ld2,ld3,ld4","ld1,ld2,ld3,ld4",3,1,0,0.75,False,-0.052845,0.14870299999999997,0.07162946822714487,0.04284014876764364,1.6720172615564135,0.04726045915083162,0.09452091830166325,5.515383305022735,4,0.23838058023817102,200,200,1.0,760,6.578947368421052e-05,1.0,1.0,0.9998153588797708,False,False,False,760,6.578947368421052e-05,1.0,1.0,0.9986077520673456,False,False,False,True,False,False,False,False,False,False,False,False,False,True,False,False,False
EUR_300k,summit,hdl,triglycerides,-0.601177,0.0276292,-21.758755229974085,5.707673348230621e-105,-1,4,"ld1,ld2,ld3,ld4","ld1,ld2,ld3,ld4",4,0,0,1.0,True,0.08626,0.10852200000000001,0.09375413117002211,0.03837807777723097,2.442908467543019,0.007284715972773031,0.014569431945546062,6.010165734064483,4,0.19839037551213917,200,200,1.0,760,6.578947368421052e-05,1.0,1.0,0.9341026370102186,False,False,False,760,6.578947368421052e-05,1.0,1.0,0.9986077520673456,False,False,False,True,False,False,False,False,False,False,False,False,False,True,False,False,False
EUR_300k,summit,hypertension_i10,ldl,-0.160789,0.021179,-7.591907077765711,3.1523105623894575e-14,-1,4,"ld1,ld2,ld3,ld4","ld1,ld2,ld3,ld4",3,1,0,0.75,False,-0.008985999999999994,0.1280659,0.07747772932089636,0.04569312781232177,1.6956101066034581,0.044979871258173744,0.08995974251634749,3.7831016605686516,4,0.4361548873017268,200,200,1.0,760,6.578947368421052e-05,1.0,1.0,0.9998153588797708,False,False,False,760,6.578947368421052e-05,1.0,1.0,0.9986077520673456,False,False,False,True,False,False,False,False,False,False,False,False,False,True,False,False,False
EUR_300k,summit,triglycerides,type2_diabetes_e11,0.495365,0.0247373,20.02502294106471,3.333587306243978e-89,1,4,"ld1,ld2,ld3,ld4","ld1,ld2,ld3,ld4",4,0,0,1.0,True,0.02899400000000002,0.24044299999999996,0.14184941185697034,0.05551944815521608,2.55494996024458,0.005310153225469984,0.010620306450939967,8.661890333270213,4,0.07012915857338577,200,200,1.0,760,6.578947368421052e-05,1.0,1.0,0.9341026370102186,False,False,False,760,6.578947368421052e-05,1.0,1.0,0.9986077520673456,False,False,False,True,False,False,False,False,False,False,False,False,False,True,False,False,False
EUR_300k,summit,urate,whr,0.353662,0.0215875,16.382721482339317,2.5411421461977097e-60,1,4,"ld1,ld2,ld3,ld4","ld1,ld2,ld3,ld4",3,1,0,0.75,False,-0.024944999999999995,0.17493199999999998,0.09948286607769775,0.050065370313207284,1.9870594276110667,0.0234579058250683,0.0469158116501366,8.324974899961644,4,0.08037364760002932,200,200,1.0,760,6.578947368421052e-05,1.0,1.0,0.9998153588797708,False,False,False,760,6.578947368421052e-05,1.0,1.0,0.9986077520673456,False,False,False,True,False,False,False,False,False,False,False,False,False,True,False,False,False
EUR_300k,summit,urea,vitamin_d,0.111448,0.0207676,5.366436179433348,8.030759815425585e-08,1,2,"ld2,ld3","ld1,ld2,ld3,ld4",2,0,0,1.0,True,0.115421,0.1389397,0.12605983684683975,0.06905860382380698,1.825403785579899,0.03397005923376871,0.06794011846753742,3.358703282279415,2,0.1864948524395111,200,200,1.0,760,6.578947368421052e-05,1.0,1.0,0.9998153588797708,False,False,False,760,6.578947368421052e-05,1.0,1.0,0.9986077520673456,False,False,False,True,False,False,False,False,False,False,False,False,False,True,False,False,False
