pop,annot,out_prefix,sig1,sig2,rho_g,gamma_e,num_reps,seed,max_mem,architecture
AFR,maf_ld.tsv,flatH2_Nullrg_LDAK,0.03125,0.075,0.0,0.0,100,42,1,ldak
AFR,maf_ld.tsv,flatH2_Constrg_LDAK,0.03125,0.075,0.3,0.0,100,42,1,ldak
AFR,maf_ld.tsv,flatH2_Gradrg_LDAK,0.03125,0.075,"0.18,0.26,0.34,0.42,0.18,0.26,0.34,0.42",0.0,100,42,1,ldak
AFR,maf_ld.tsv,gradH2_Nullrg_LDAK,"0.035,0.02625,0.0175,0.00875,0.065,0.04875,0.0325,0.01625","0.084,0.063,0.042,0.021,0.156,0.117,0.078,0.039",0.0,0.0,100,42,1,ldak
AFR,maf_ld.tsv,gradH2_Constrg_LDAK,"0.035,0.02625,0.0175,0.00875,0.065,0.04875,0.0325,0.01625","0.084,0.063,0.042,0.021,0.156,0.117,0.078,0.039",0.3,0.0,100,42,1,ldak
AFR,maf_ld.tsv,gradH2_Gradrg_LDAK,"0.035,0.02625,0.0175,0.00875,0.065,0.04875,0.0325,0.01625","0.084,0.063,0.042,0.021,0.156,0.117,0.078,0.039","0.18,0.26,0.34,0.42,0.18,0.26,0.34,0.42",0.0,100,42,1,ldak
EUR,maf_ld.tsv,flatH2_Nullrg_LDAK,0.03125,0.075,0.0,0.0,100,42,1,ldak
EUR,maf_ld.tsv,flatH2_Constrg_LDAK,0.03125,0.075,0.3,0.0,100,42,1,ldak
EUR,maf_ld.tsv,flatH2_Gradrg_LDAK,0.03125,0.075,"0.18,0.26,0.34,0.42,0.18,0.26,0.34,0.42",0.0,100,42,1,ldak
EUR,maf_ld.tsv,gradH2_Nullrg_LDAK,"0.035,0.02625,0.0175,0.00875,0.065,0.04875,0.0325,0.01625","0.084,0.063,0.042,0.021,0.156,0.117,0.078,0.039",0.0,0.0,100,42,1,ldak
EUR,maf_ld.tsv,gradH2_Constrg_LDAK,"0.035,0.02625,0.0175,0.00875,0.065,0.04875,0.0325,0.01625","0.084,0.063,0.042,0.021,0.156,0.117,0.078,0.039",0.3,0.0,100,42,1,ldak
EUR,maf_ld.tsv,gradH2_Gradrg_LDAK,"0.035,0.02625,0.0175,0.00875,0.065,0.04875,0.0325,0.01625","0.084,0.063,0.042,0.021,0.156,0.117,0.078,0.039","0.18,0.26,0.34,0.42,0.18,0.26,0.34,0.42",0.0,100,42,1,ldak
EUR_300k,maf_ld.tsv,flatH2_Nullrg_LDAK,0.03125,0.075,0.0,0.0,100,42,0,ldak
EUR_300k,maf_ld.tsv,flatH2_Constrg_LDAK,0.03125,0.075,0.3,0.0,100,42,0,ldak
EUR_300k,maf_ld.tsv,flatH2_Gradrg_LDAK,0.03125,0.075,"0.18,0.26,0.34,0.42,0.18,0.26,0.34,0.42",0.0,100,42,0,ldak
EUR_300k,maf_ld.tsv,gradH2_Nullrg_LDAK,"0.035,0.02625,0.0175,0.00875,0.065,0.04875,0.0325,0.01625","0.084,0.063,0.042,0.021,0.156,0.117,0.078,0.039",0.0,0.0,100,42,0,ldak
EUR_300k,maf_ld.tsv,gradH2_Constrg_LDAK,"0.035,0.02625,0.0175,0.00875,0.065,0.04875,0.0325,0.01625","0.084,0.063,0.042,0.021,0.156,0.117,0.078,0.039",0.3,0.0,100,42,0,ldak
EUR_300k,maf_ld.tsv,gradH2_Gradrg_LDAK,"0.035,0.02625,0.0175,0.00875,0.065,0.04875,0.0325,0.01625","0.084,0.063,0.042,0.021,0.156,0.117,0.078,0.039","0.18,0.26,0.34,0.42,0.18,0.26,0.34,0.42",0.0,100,42,0,ldak
SAS,maf_ld.tsv,flatH2_Nullrg_LDAK,0.03125,0.075,0.0,0.0,100,42,1,ldak
SAS,maf_ld.tsv,flatH2_Constrg_LDAK,0.03125,0.075,0.3,0.0,100,42,1,ldak
SAS,maf_ld.tsv,flatH2_Gradrg_LDAK,0.03125,0.075,"0.18,0.26,0.34,0.42,0.18,0.26,0.34,0.42",0.0,100,42,1,ldak
SAS,maf_ld.tsv,gradH2_Nullrg_LDAK,"0.035,0.02625,0.0175,0.00875,0.065,0.04875,0.0325,0.01625","0.084,0.063,0.042,0.021,0.156,0.117,0.078,0.039",0.0,0.0,100,42,1,ldak
SAS,maf_ld.tsv,gradH2_Constrg_LDAK,"0.035,0.02625,0.0175,0.00875,0.065,0.04875,0.0325,0.01625","0.084,0.063,0.042,0.021,0.156,0.117,0.078,0.039",0.3,0.0,100,42,1,ldak
SAS,maf_ld.tsv,gradH2_Gradrg_LDAK,"0.035,0.02625,0.0175,0.00875,0.065,0.04875,0.0325,0.01625","0.084,0.063,0.042,0.021,0.156,0.117,0.078,0.039","0.18,0.26,0.34,0.42,0.18,0.26,0.34,0.42",0.0,100,42,1,ldak
