dataset_kind	pop	pop_label	annotation	annotation_label	bin_index	metric	estimate	se	ci_lo	ci_hi	jackknife_p025	jackknife_p975	n_traits	n_total_traits	n_jackknife_blocks	n_nonfinite_jackknife_medians	median_finite_traits_per_jackknife	min_finite_traits_per_jackknife	n_traits_with_any_nonfinite_jackknife	n_negative_trait_enrichment	negative_fraction	n_nonpositive_total_h2	n_nonpositive_bin_h2	trait_ids	annotation_order	pop_order	kind_order
local	EUR_300k	EUR	Backgrd_Selection_Stat	Background selection	31	signed_trait_level_median_enrichment_snp_jackknife	1.46856	0.05885706698736925	1.3532001487047562	1.583919851295244	1.4595399826502045	1.4762492167008143	40	40	201	0	40.0	40	0	0	0.0	0	0	albumin,alka_phos,asp_at,blood_mscv,blood_platelet,blood_rbc_count,bmi,cystatin_c,ggt,glucose,hba1c,hdl,height,ldl,triglycerides,testosterone,urate,bp_systolic,alanine_aminotransferase,heel_bone_mineral_density,creatinine,diastolic_blood_pressure,educational_qualification,fluid_intelligence_score,hand_grip_strength,haemoglobin_concentration,igf_1,neuroticism_score,sleep_duration,vitamin_d,white_blood_cell_count,whr,chronic_ischaemic_heart_disease_i25,dyslipidaemia_e78,hypertension_i10,ever_smoked,type2_diabetes_e11,apo_b,urea,calcium	0	0	0
local	SAS	SAS	Backgrd_Selection_Stat	Background selection	31	signed_trait_level_median_enrichment_snp_jackknife	1.30399	0.3659815904573901	0.5866660827035154	2.0213139172964847	1.2547935217082593	1.3493284664502563	39	40	201	0	39.0	39	0	0	0.0	1	1	albumin,alka_phos,asp_at,blood_mscv,blood_platelet,blood_rbc_count,bmi,cystatin_c,ggt,glucose,hba1c,hdl,height,ldl,triglycerides,urate,bp_systolic,alanine_aminotransferase,heel_bone_mineral_density,creatinine,diastolic_blood_pressure,educational_qualification,fluid_intelligence_score,hand_grip_strength,haemoglobin_concentration,igf_1,neuroticism_score,sleep_duration,vitamin_d,white_blood_cell_count,whr,chronic_ischaemic_heart_disease_i25,dyslipidaemia_e78,hypertension_i10,ever_smoked,type2_diabetes_e11,apo_b,urea,calcium	0	1	0
local	AFR	AFR	Backgrd_Selection_Stat	Background selection	31	signed_trait_level_median_enrichment_snp_jackknife	1.1472100000000007	1.763862684912699	-2.3099608624288894	4.604380862428891	0.9201751406251553	1.4186266275805604	33	40	201	0	33.0	12	23	2	0.06060606060606061	7	6	albumin,alka_phos,asp_at,blood_mscv,blood_platelet,blood_rbc_count,bmi,cystatin_c,ggt,hdl,height,ldl,triglycerides,urate,bp_systolic,alanine_aminotransferase,creatinine,diastolic_blood_pressure,educational_qualification,fluid_intelligence_score,hand_grip_strength,haemoglobin_concentration,igf_1,neuroticism_score,vitamin_d,white_blood_cell_count,chronic_ischaemic_heart_disease_i25,dyslipidaemia_e78,hypertension_i10,ever_smoked,type2_diabetes_e11,apo_b,urea	0	2	0
external	EUR_300k	EUR	Backgrd_Selection_Stat	Background selection	31	signed_trait_level_median_enrichment_snp_jackknife	1.1671200000000004	0.10898538820953416	0.9535086391093135	1.3807313608906873	1.1581511030564602	1.1772447980059222	16	16	201	0	16.0	16	0	0	0.0	0	0	FinnGen_R12.EUR.E4_LIPOPROT,FinnGen_R12.EUR.I9_HYPTENS,FinnGen_R12.EUR.I9_IHD,FinnGen_R12.EUR.T2D,GLGC2021.without_UKB_EUR.HDL,GLGC2021.without_UKB_EUR.LDL,GLGC2021.without_UKB_EUR.TC,GLGC2021.without_UKB_EUR.logTG,GLGC2021.without_UKB_EUR.nonHDL,MVP_R4_GIA.EUR.A1C_Mean_INT,MVP_R4_GIA.EUR.ALT_Mean_INT,MVP_R4_GIA.EUR.AST_Mean_INT,MVP_R4_GIA.EUR.Glucose_Mean_INT,MVP_R4_GIA.EUR.Phe_401,MVP_R4_GIA.EUR.Phe_411,T2DGGI2024.EUR.T2D	0	0	1
external	SAS	SAS	Backgrd_Selection_Stat	Background selection	31	signed_trait_level_median_enrichment_snp_jackknife	1.1048400000000005	0.07449957905620472	0.9588208250498392	1.2508591749501616	1.0893807843070158	1.1111568995884058	9	9	201	0	9.0	9	0	0	0.0	0	0	GenesAndHealth.v010_quant_median.ALT_median,GenesAndHealth.v010_quant_median.AST_median,GenesAndHealth.v010_quant_median.GGT_median,GenesAndHealth.v010_quant_median.HbA1c_median,GLGC2021.without_UKB_SAS.HDL,GLGC2021.without_UKB_SAS.LDL,GLGC2021.without_UKB_SAS.TC,GLGC2021.without_UKB_SAS.logTG,GLGC2021.without_UKB_SAS.nonHDL	0	1	1
external	AFR	AFR	Backgrd_Selection_Stat	Background selection	31	signed_trait_level_median_enrichment_snp_jackknife	1.0701200000000002	0.40784456797961655	0.2707446467599518	1.8694953532400485	1.047940488167535	1.1437762380341916	12	12	201	0	12.0	11	3	0	0.0	0	0	GLGC2021.without_UKB_AFR.HDL,GLGC2021.without_UKB_AFR.LDL,GLGC2021.without_UKB_AFR.TC,GLGC2021.without_UKB_AFR.logTG,GLGC2021.without_UKB_AFR.nonHDL,MVP_R4_GIA.AFR.A1C_Mean_INT,MVP_R4_GIA.AFR.ALT_Mean_INT,MVP_R4_GIA.AFR.AST_Mean_INT,MVP_R4_GIA.AFR.Glucose_Mean_INT,MVP_R4_GIA.AFR.Phe_401,MVP_R4_GIA.AFR.Phe_411,T2DGGI2024.AFA.T2D	0	2	1
local	EUR_300k	EUR	Conserved_LindbladToh_w_flanking	Conserved (LindbladToh)	2	signed_trait_level_median_enrichment_snp_jackknife	1.2912000000000003	0.04294693652147377	1.2070240044179117	1.375375995582089	1.2851689216737565	1.2983661971378004	40	40	201	0	40.0	40	0	0	0.0	0	0	albumin,alka_phos,asp_at,blood_mscv,blood_platelet,blood_rbc_count,bmi,cystatin_c,ggt,glucose,hba1c,hdl,height,ldl,triglycerides,testosterone,urate,bp_systolic,alanine_aminotransferase,heel_bone_mineral_density,creatinine,diastolic_blood_pressure,educational_qualification,fluid_intelligence_score,hand_grip_strength,haemoglobin_concentration,igf_1,neuroticism_score,sleep_duration,vitamin_d,white_blood_cell_count,whr,chronic_ischaemic_heart_disease_i25,dyslipidaemia_e78,hypertension_i10,ever_smoked,type2_diabetes_e11,apo_b,urea,calcium	1	0	0
local	SAS	SAS	Conserved_LindbladToh_w_flanking	Conserved (LindbladToh)	2	signed_trait_level_median_enrichment_snp_jackknife	1.26153	0.3374072095502368	0.6002118692815359	1.9228481307184642	1.1665922657404828	1.2584164671015199	39	40	201	0	39.0	39	0	0	0.0	1	1	albumin,alka_phos,asp_at,blood_mscv,blood_platelet,blood_rbc_count,bmi,cystatin_c,ggt,glucose,hba1c,hdl,height,ldl,triglycerides,urate,bp_systolic,alanine_aminotransferase,heel_bone_mineral_density,creatinine,diastolic_blood_pressure,educational_qualification,fluid_intelligence_score,hand_grip_strength,haemoglobin_concentration,igf_1,neuroticism_score,sleep_duration,vitamin_d,white_blood_cell_count,whr,chronic_ischaemic_heart_disease_i25,dyslipidaemia_e78,hypertension_i10,ever_smoked,type2_diabetes_e11,apo_b,urea,calcium	1	1	0
local	AFR	AFR	Conserved_LindbladToh_w_flanking	Conserved (LindbladToh)	2	signed_trait_level_median_enrichment_snp_jackknife	1.5551	2.1815780540512364	-2.7207929859404234	5.830992985940423	1.2132318792849917	1.8869262732693772	33	40	201	0	33.0	12	23	7	0.21212121212121213	7	11	albumin,alka_phos,asp_at,blood_mscv,blood_platelet,blood_rbc_count,bmi,cystatin_c,ggt,hdl,height,ldl,triglycerides,urate,bp_systolic,alanine_aminotransferase,creatinine,diastolic_blood_pressure,educational_qualification,fluid_intelligence_score,hand_grip_strength,haemoglobin_concentration,igf_1,neuroticism_score,vitamin_d,white_blood_cell_count,chronic_ischaemic_heart_disease_i25,dyslipidaemia_e78,hypertension_i10,ever_smoked,type2_diabetes_e11,apo_b,urea	1	2	0
external	EUR_300k	EUR	Conserved_LindbladToh_w_flanking	Conserved (LindbladToh)	2	signed_trait_level_median_enrichment_snp_jackknife	1.21634	0.07928729546165231	1.0609369008951615	1.3717430991048385	1.2030261658083252	1.2311174569861998	16	16	201	0	16.0	16	0	0	0.0	0	0	FinnGen_R12.EUR.E4_LIPOPROT,FinnGen_R12.EUR.I9_HYPTENS,FinnGen_R12.EUR.I9_IHD,FinnGen_R12.EUR.T2D,GLGC2021.without_UKB_EUR.HDL,GLGC2021.without_UKB_EUR.LDL,GLGC2021.without_UKB_EUR.TC,GLGC2021.without_UKB_EUR.logTG,GLGC2021.without_UKB_EUR.nonHDL,MVP_R4_GIA.EUR.A1C_Mean_INT,MVP_R4_GIA.EUR.ALT_Mean_INT,MVP_R4_GIA.EUR.AST_Mean_INT,MVP_R4_GIA.EUR.Glucose_Mean_INT,MVP_R4_GIA.EUR.Phe_401,MVP_R4_GIA.EUR.Phe_411,T2DGGI2024.EUR.T2D	1	0	1
external	SAS	SAS	Conserved_LindbladToh_w_flanking	Conserved (LindbladToh)	2	signed_trait_level_median_enrichment_snp_jackknife	1.1081	0.08768878683720356	0.9362299777990811	1.2799700222009192	1.0918808760650904	1.118043063820727	9	9	201	0	9.0	9	0	0	0.0	0	0	GenesAndHealth.v010_quant_median.ALT_median,GenesAndHealth.v010_quant_median.AST_median,GenesAndHealth.v010_quant_median.GGT_median,GenesAndHealth.v010_quant_median.HbA1c_median,GLGC2021.without_UKB_SAS.HDL,GLGC2021.without_UKB_SAS.LDL,GLGC2021.without_UKB_SAS.TC,GLGC2021.without_UKB_SAS.logTG,GLGC2021.without_UKB_SAS.nonHDL	1	1	1
external	AFR	AFR	Conserved_LindbladToh_w_flanking	Conserved (LindbladToh)	2	signed_trait_level_median_enrichment_snp_jackknife	1.383575	0.4112424463593524	0.5775398051356693	2.189610194864331	1.3533439714434803	1.4149427416797649	12	12	201	0	12.0	11	3	0	0.0	0	0	GLGC2021.without_UKB_AFR.HDL,GLGC2021.without_UKB_AFR.LDL,GLGC2021.without_UKB_AFR.TC,GLGC2021.without_UKB_AFR.logTG,GLGC2021.without_UKB_AFR.nonHDL,MVP_R4_GIA.AFR.A1C_Mean_INT,MVP_R4_GIA.AFR.ALT_Mean_INT,MVP_R4_GIA.AFR.AST_Mean_INT,MVP_R4_GIA.AFR.Glucose_Mean_INT,MVP_R4_GIA.AFR.Phe_401,MVP_R4_GIA.AFR.Phe_411,T2DGGI2024.AFA.T2D	1	2	1
local	EUR_300k	EUR	GERP.NS	GERP.NS	29	signed_trait_level_median_enrichment_snp_jackknife	1.173645	0.034829268803140356	1.105379633145845	1.2419103668541551	1.1678208548089608	1.177040537877934	40	40	201	0	40.0	40	0	0	0.0	0	0	albumin,alka_phos,asp_at,blood_mscv,blood_platelet,blood_rbc_count,bmi,cystatin_c,ggt,glucose,hba1c,hdl,height,ldl,triglycerides,testosterone,urate,bp_systolic,alanine_aminotransferase,heel_bone_mineral_density,creatinine,diastolic_blood_pressure,educational_qualification,fluid_intelligence_score,hand_grip_strength,haemoglobin_concentration,igf_1,neuroticism_score,sleep_duration,vitamin_d,white_blood_cell_count,whr,chronic_ischaemic_heart_disease_i25,dyslipidaemia_e78,hypertension_i10,ever_smoked,type2_diabetes_e11,apo_b,urea,calcium	2	0	0
local	SAS	SAS	GERP.NS	GERP.NS	29	signed_trait_level_median_enrichment_snp_jackknife	1.25485	0.18326679551063085	0.8956470807991636	1.6140529192008364	1.2124351687224209	1.2634254379337966	39	40	201	0	39.0	39	0	1	0.02564102564102564	1	2	albumin,alka_phos,asp_at,blood_mscv,blood_platelet,blood_rbc_count,bmi,cystatin_c,ggt,glucose,hba1c,hdl,height,ldl,triglycerides,urate,bp_systolic,alanine_aminotransferase,heel_bone_mineral_density,creatinine,diastolic_blood_pressure,educational_qualification,fluid_intelligence_score,hand_grip_strength,haemoglobin_concentration,igf_1,neuroticism_score,sleep_duration,vitamin_d,white_blood_cell_count,whr,chronic_ischaemic_heart_disease_i25,dyslipidaemia_e78,hypertension_i10,ever_smoked,type2_diabetes_e11,apo_b,urea,calcium	2	1	0
local	AFR	AFR	GERP.NS	GERP.NS	29	signed_trait_level_median_enrichment_snp_jackknife	1.2557	1.6586528662417264	-1.9952596178337836	4.506659617833783	1.0591433755995439	1.4468167164403933	33	40	201	0	33.0	12	23	2	0.06060606060606061	7	6	albumin,alka_phos,asp_at,blood_mscv,blood_platelet,blood_rbc_count,bmi,cystatin_c,ggt,hdl,height,ldl,triglycerides,urate,bp_systolic,alanine_aminotransferase,creatinine,diastolic_blood_pressure,educational_qualification,fluid_intelligence_score,hand_grip_strength,haemoglobin_concentration,igf_1,neuroticism_score,vitamin_d,white_blood_cell_count,chronic_ischaemic_heart_disease_i25,dyslipidaemia_e78,hypertension_i10,ever_smoked,type2_diabetes_e11,apo_b,urea	2	2	0
external	EUR_300k	EUR	GERP.NS	GERP.NS	29	signed_trait_level_median_enrichment_snp_jackknife	1.10214	0.14253118772766124	0.8227788720537839	1.381501127946216	1.066941461948706	1.115253586701633	16	16	201	0	16.0	16	0	0	0.0	0	0	FinnGen_R12.EUR.E4_LIPOPROT,FinnGen_R12.EUR.I9_HYPTENS,FinnGen_R12.EUR.I9_IHD,FinnGen_R12.EUR.T2D,GLGC2021.without_UKB_EUR.HDL,GLGC2021.without_UKB_EUR.LDL,GLGC2021.without_UKB_EUR.TC,GLGC2021.without_UKB_EUR.logTG,GLGC2021.without_UKB_EUR.nonHDL,MVP_R4_GIA.EUR.A1C_Mean_INT,MVP_R4_GIA.EUR.ALT_Mean_INT,MVP_R4_GIA.EUR.AST_Mean_INT,MVP_R4_GIA.EUR.Glucose_Mean_INT,MVP_R4_GIA.EUR.Phe_401,MVP_R4_GIA.EUR.Phe_411,T2DGGI2024.EUR.T2D	2	0	1
external	SAS	SAS	GERP.NS	GERP.NS	29	signed_trait_level_median_enrichment_snp_jackknife	0.9261500000000001	0.04957773970914679	0.8289776301700724	1.0233223698299279	0.9209385018636043	0.934990666763302	9	9	201	0	9.0	9	0	0	0.0	0	0	GenesAndHealth.v010_quant_median.ALT_median,GenesAndHealth.v010_quant_median.AST_median,GenesAndHealth.v010_quant_median.GGT_median,GenesAndHealth.v010_quant_median.HbA1c_median,GLGC2021.without_UKB_SAS.HDL,GLGC2021.without_UKB_SAS.LDL,GLGC2021.without_UKB_SAS.TC,GLGC2021.without_UKB_SAS.logTG,GLGC2021.without_UKB_SAS.nonHDL	2	1	1
external	AFR	AFR	GERP.NS	GERP.NS	29	signed_trait_level_median_enrichment_snp_jackknife	1.1593299999999997	0.24119288148756268	0.6865919522843769	1.6320680477156226	1.1111914107682388	1.1780332067568406	12	12	201	0	12.0	11	3	0	0.0	0	0	GLGC2021.without_UKB_AFR.HDL,GLGC2021.without_UKB_AFR.LDL,GLGC2021.without_UKB_AFR.TC,GLGC2021.without_UKB_AFR.logTG,GLGC2021.without_UKB_AFR.nonHDL,MVP_R4_GIA.AFR.A1C_Mean_INT,MVP_R4_GIA.AFR.ALT_Mean_INT,MVP_R4_GIA.AFR.AST_Mean_INT,MVP_R4_GIA.AFR.Glucose_Mean_INT,MVP_R4_GIA.AFR.Phe_401,MVP_R4_GIA.AFR.Phe_411,T2DGGI2024.AFA.T2D	2	2	1
local	EUR_300k	EUR	Ancient_Sequence_Age_Human_Promoter_w_flanking	Ancient promoter age	45	signed_trait_level_median_enrichment_snp_jackknife	3.8457150000000153	0.5186525548168436	2.829155992559002	4.8622740074410284	3.7838638072422515	3.924535696162437	40	40	201	0	40.0	40	0	0	0.0	0	0	albumin,alka_phos,asp_at,blood_mscv,blood_platelet,blood_rbc_count,bmi,cystatin_c,ggt,glucose,hba1c,hdl,height,ldl,triglycerides,testosterone,urate,bp_systolic,alanine_aminotransferase,heel_bone_mineral_density,creatinine,diastolic_blood_pressure,educational_qualification,fluid_intelligence_score,hand_grip_strength,haemoglobin_concentration,igf_1,neuroticism_score,sleep_duration,vitamin_d,white_blood_cell_count,whr,chronic_ischaemic_heart_disease_i25,dyslipidaemia_e78,hypertension_i10,ever_smoked,type2_diabetes_e11,apo_b,urea,calcium	3	0	0
local	SAS	SAS	Ancient_Sequence_Age_Human_Promoter_w_flanking	Ancient promoter age	45	signed_trait_level_median_enrichment_snp_jackknife	4.826900000000028	2.614737253135832	-0.2979850161462032	9.951785016146259	4.638913132899632	5.374329297599274	39	40	201	0	39.0	39	0	6	0.15384615384615385	1	6	albumin,alka_phos,asp_at,blood_mscv,blood_platelet,blood_rbc_count,bmi,cystatin_c,ggt,glucose,hba1c,hdl,height,ldl,triglycerides,urate,bp_systolic,alanine_aminotransferase,heel_bone_mineral_density,creatinine,diastolic_blood_pressure,educational_qualification,fluid_intelligence_score,hand_grip_strength,haemoglobin_concentration,igf_1,neuroticism_score,sleep_duration,vitamin_d,white_blood_cell_count,whr,chronic_ischaemic_heart_disease_i25,dyslipidaemia_e78,hypertension_i10,ever_smoked,type2_diabetes_e11,apo_b,urea,calcium	3	1	0
local	AFR	AFR	Ancient_Sequence_Age_Human_Promoter_w_flanking	Ancient promoter age	45	signed_trait_level_median_enrichment_snp_jackknife	1.1268300000000084	18.64404697955598	-35.415502079929716	37.66916207992973	-0.5543108772057194	4.1449547657948935	33	40	201	0	33.0	12	23	15	0.45454545454545453	7	20	albumin,alka_phos,asp_at,blood_mscv,blood_platelet,blood_rbc_count,bmi,cystatin_c,ggt,hdl,height,ldl,triglycerides,urate,bp_systolic,alanine_aminotransferase,creatinine,diastolic_blood_pressure,educational_qualification,fluid_intelligence_score,hand_grip_strength,haemoglobin_concentration,igf_1,neuroticism_score,vitamin_d,white_blood_cell_count,chronic_ischaemic_heart_disease_i25,dyslipidaemia_e78,hypertension_i10,ever_smoked,type2_diabetes_e11,apo_b,urea	3	2	0
external	EUR_300k	EUR	Ancient_Sequence_Age_Human_Promoter_w_flanking	Ancient promoter age	45	signed_trait_level_median_enrichment_snp_jackknife	2.9331100000000068	0.45607288866521173	2.0392071382161916	3.827012861783822	2.8625563709381887	2.9738497663419245	16	16	201	0	16.0	16	0	0	0.0	0	0	FinnGen_R12.EUR.E4_LIPOPROT,FinnGen_R12.EUR.I9_HYPTENS,FinnGen_R12.EUR.I9_IHD,FinnGen_R12.EUR.T2D,GLGC2021.without_UKB_EUR.HDL,GLGC2021.without_UKB_EUR.LDL,GLGC2021.without_UKB_EUR.TC,GLGC2021.without_UKB_EUR.logTG,GLGC2021.without_UKB_EUR.nonHDL,MVP_R4_GIA.EUR.A1C_Mean_INT,MVP_R4_GIA.EUR.ALT_Mean_INT,MVP_R4_GIA.EUR.AST_Mean_INT,MVP_R4_GIA.EUR.Glucose_Mean_INT,MVP_R4_GIA.EUR.Phe_401,MVP_R4_GIA.EUR.Phe_411,T2DGGI2024.EUR.T2D	3	0	1
external	SAS	SAS	Ancient_Sequence_Age_Human_Promoter_w_flanking	Ancient promoter age	45	signed_trait_level_median_enrichment_snp_jackknife	3.8146100000000094	1.2480902258443365	1.3683531573451098	6.2608668426549094	3.7006177676730587	3.8849859431917584	9	9	201	0	9.0	9	0	0	0.0	0	0	GenesAndHealth.v010_quant_median.ALT_median,GenesAndHealth.v010_quant_median.AST_median,GenesAndHealth.v010_quant_median.GGT_median,GenesAndHealth.v010_quant_median.HbA1c_median,GLGC2021.without_UKB_SAS.HDL,GLGC2021.without_UKB_SAS.LDL,GLGC2021.without_UKB_SAS.TC,GLGC2021.without_UKB_SAS.logTG,GLGC2021.without_UKB_SAS.nonHDL	3	1	1
external	AFR	AFR	Ancient_Sequence_Age_Human_Promoter_w_flanking	Ancient promoter age	45	signed_trait_level_median_enrichment_snp_jackknife	5.065690000000013	3.5536459671172698	-1.8994560955498354	12.030836095549862	4.922376498015723	5.898252031873035	12	12	201	0	12.0	11	3	1	0.08333333333333333	0	1	GLGC2021.without_UKB_AFR.HDL,GLGC2021.without_UKB_AFR.LDL,GLGC2021.without_UKB_AFR.TC,GLGC2021.without_UKB_AFR.logTG,GLGC2021.without_UKB_AFR.nonHDL,MVP_R4_GIA.AFR.A1C_Mean_INT,MVP_R4_GIA.AFR.ALT_Mean_INT,MVP_R4_GIA.AFR.AST_Mean_INT,MVP_R4_GIA.AFR.Glucose_Mean_INT,MVP_R4_GIA.AFR.Phe_401,MVP_R4_GIA.AFR.Phe_411,T2DGGI2024.AFA.T2D	3	2	1
local	EUR_300k	EUR	CpG_Content_50kb	CpG content (50 kb)	32	signed_trait_level_median_enrichment_snp_jackknife	1.2337150000000063	0.03474563038207151	1.1656135644511463	1.3018164355488664	1.2295893529270394	1.2402714161623254	40	40	201	0	40.0	40	0	0	0.0	0	0	albumin,alka_phos,asp_at,blood_mscv,blood_platelet,blood_rbc_count,bmi,cystatin_c,ggt,glucose,hba1c,hdl,height,ldl,triglycerides,testosterone,urate,bp_systolic,alanine_aminotransferase,heel_bone_mineral_density,creatinine,diastolic_blood_pressure,educational_qualification,fluid_intelligence_score,hand_grip_strength,haemoglobin_concentration,igf_1,neuroticism_score,sleep_duration,vitamin_d,white_blood_cell_count,whr,chronic_ischaemic_heart_disease_i25,dyslipidaemia_e78,hypertension_i10,ever_smoked,type2_diabetes_e11,apo_b,urea,calcium	4	0	0
local	SAS	SAS	CpG_Content_50kb	CpG content (50 kb)	32	signed_trait_level_median_enrichment_snp_jackknife	1.1842200000000038	0.11306212973463856	0.9626182257201122	1.4058217742798953	1.1636122811520708	1.1935418897599543	39	40	201	0	39.0	39	0	0	0.0	1	0	albumin,alka_phos,asp_at,blood_mscv,blood_platelet,blood_rbc_count,bmi,cystatin_c,ggt,glucose,hba1c,hdl,height,ldl,triglycerides,urate,bp_systolic,alanine_aminotransferase,heel_bone_mineral_density,creatinine,diastolic_blood_pressure,educational_qualification,fluid_intelligence_score,hand_grip_strength,haemoglobin_concentration,igf_1,neuroticism_score,sleep_duration,vitamin_d,white_blood_cell_count,whr,chronic_ischaemic_heart_disease_i25,dyslipidaemia_e78,hypertension_i10,ever_smoked,type2_diabetes_e11,apo_b,urea,calcium	4	1	0
local	AFR	AFR	CpG_Content_50kb	CpG content (50 kb)	32	signed_trait_level_median_enrichment_snp_jackknife	1.232300000000009	0.42506031652590454	0.3991817796092362	2.065418220390782	1.1826121008195192	1.2949731516278185	33	40	201	0	33.0	12	23	1	0.030303030303030304	7	7	albumin,alka_phos,asp_at,blood_mscv,blood_platelet,blood_rbc_count,bmi,cystatin_c,ggt,hdl,height,ldl,triglycerides,urate,bp_systolic,alanine_aminotransferase,creatinine,diastolic_blood_pressure,educational_qualification,fluid_intelligence_score,hand_grip_strength,haemoglobin_concentration,igf_1,neuroticism_score,vitamin_d,white_blood_cell_count,chronic_ischaemic_heart_disease_i25,dyslipidaemia_e78,hypertension_i10,ever_smoked,type2_diabetes_e11,apo_b,urea	4	2	0
external	EUR_300k	EUR	CpG_Content_50kb	CpG content (50 kb)	32	signed_trait_level_median_enrichment_snp_jackknife	1.1597000000000097	0.05599167307427263	1.0499563207744353	1.269443679225584	1.1504088795282583	1.162588084821675	16	16	201	0	16.0	16	0	0	0.0	0	0	FinnGen_R12.EUR.E4_LIPOPROT,FinnGen_R12.EUR.I9_HYPTENS,FinnGen_R12.EUR.I9_IHD,FinnGen_R12.EUR.T2D,GLGC2021.without_UKB_EUR.HDL,GLGC2021.without_UKB_EUR.LDL,GLGC2021.without_UKB_EUR.TC,GLGC2021.without_UKB_EUR.logTG,GLGC2021.without_UKB_EUR.nonHDL,MVP_R4_GIA.EUR.A1C_Mean_INT,MVP_R4_GIA.EUR.ALT_Mean_INT,MVP_R4_GIA.EUR.AST_Mean_INT,MVP_R4_GIA.EUR.Glucose_Mean_INT,MVP_R4_GIA.EUR.Phe_401,MVP_R4_GIA.EUR.Phe_411,T2DGGI2024.EUR.T2D	4	0	1
external	SAS	SAS	CpG_Content_50kb	CpG content (50 kb)	32	signed_trait_level_median_enrichment_snp_jackknife	1.232380000000009	0.044294997848052214	1.1455618042178266	1.3191981957821912	1.2252210380627266	1.2365290313022055	9	9	201	0	9.0	9	0	0	0.0	0	0	GenesAndHealth.v010_quant_median.ALT_median,GenesAndHealth.v010_quant_median.AST_median,GenesAndHealth.v010_quant_median.GGT_median,GenesAndHealth.v010_quant_median.HbA1c_median,GLGC2021.without_UKB_SAS.HDL,GLGC2021.without_UKB_SAS.LDL,GLGC2021.without_UKB_SAS.TC,GLGC2021.without_UKB_SAS.logTG,GLGC2021.without_UKB_SAS.nonHDL	4	1	1
external	AFR	AFR	CpG_Content_50kb	CpG content (50 kb)	32	signed_trait_level_median_enrichment_snp_jackknife	1.2505600000000072	0.27703993070613775	0.7075617358159773	1.7935582641840373	1.2131049952088808	1.2736894442033575	12	12	201	0	12.0	11	3	0	0.0	0	0	GLGC2021.without_UKB_AFR.HDL,GLGC2021.without_UKB_AFR.LDL,GLGC2021.without_UKB_AFR.TC,GLGC2021.without_UKB_AFR.logTG,GLGC2021.without_UKB_AFR.nonHDL,MVP_R4_GIA.AFR.A1C_Mean_INT,MVP_R4_GIA.AFR.ALT_Mean_INT,MVP_R4_GIA.AFR.AST_Mean_INT,MVP_R4_GIA.AFR.Glucose_Mean_INT,MVP_R4_GIA.AFR.Phe_401,MVP_R4_GIA.AFR.Phe_411,T2DGGI2024.AFA.T2D	4	2	1
local	EUR_300k	EUR	GTEx_eQTL_MaxCPP	GTEx eQTL MaxCPP	33	signed_trait_level_median_enrichment_snp_jackknife	4.243855000000023	0.5452195758651734	3.175224631304283	5.3124853686957625	4.158998067818844	4.315825562147079	40	40	201	0	40.0	40	0	0	0.0	0	0	albumin,alka_phos,asp_at,blood_mscv,blood_platelet,blood_rbc_count,bmi,cystatin_c,ggt,glucose,hba1c,hdl,height,ldl,triglycerides,testosterone,urate,bp_systolic,alanine_aminotransferase,heel_bone_mineral_density,creatinine,diastolic_blood_pressure,educational_qualification,fluid_intelligence_score,hand_grip_strength,haemoglobin_concentration,igf_1,neuroticism_score,sleep_duration,vitamin_d,white_blood_cell_count,whr,chronic_ischaemic_heart_disease_i25,dyslipidaemia_e78,hypertension_i10,ever_smoked,type2_diabetes_e11,apo_b,urea,calcium	5	0	0
local	SAS	SAS	GTEx_eQTL_MaxCPP	GTEx eQTL MaxCPP	33	signed_trait_level_median_enrichment_snp_jackknife	3.7701000000000278	2.4653120210198485	-1.0619115611988752	8.602111561198932	3.5459795176849744	4.201619554965709	39	40	201	0	39.0	39	0	10	0.2564102564102564	1	11	albumin,alka_phos,asp_at,blood_mscv,blood_platelet,blood_rbc_count,bmi,cystatin_c,ggt,glucose,hba1c,hdl,height,ldl,triglycerides,urate,bp_systolic,alanine_aminotransferase,heel_bone_mineral_density,creatinine,diastolic_blood_pressure,educational_qualification,fluid_intelligence_score,hand_grip_strength,haemoglobin_concentration,igf_1,neuroticism_score,sleep_duration,vitamin_d,white_blood_cell_count,whr,chronic_ischaemic_heart_disease_i25,dyslipidaemia_e78,hypertension_i10,ever_smoked,type2_diabetes_e11,apo_b,urea,calcium	5	1	0
local	AFR	AFR	GTEx_eQTL_MaxCPP	GTEx eQTL MaxCPP	33	signed_trait_level_median_enrichment_snp_jackknife	2.8049500000000043	16.209224933529093	-28.965130869717015	34.575030869717025	1.1832649149919308	4.329087364324495	33	40	201	0	33.0	12	23	12	0.36363636363636365	7	13	albumin,alka_phos,asp_at,blood_mscv,blood_platelet,blood_rbc_count,bmi,cystatin_c,ggt,hdl,height,ldl,triglycerides,urate,bp_systolic,alanine_aminotransferase,creatinine,diastolic_blood_pressure,educational_qualification,fluid_intelligence_score,hand_grip_strength,haemoglobin_concentration,igf_1,neuroticism_score,vitamin_d,white_blood_cell_count,chronic_ischaemic_heart_disease_i25,dyslipidaemia_e78,hypertension_i10,ever_smoked,type2_diabetes_e11,apo_b,urea	5	2	0
external	EUR_300k	EUR	GTEx_eQTL_MaxCPP	GTEx eQTL MaxCPP	33	signed_trait_level_median_enrichment_snp_jackknife	3.1813000000000153	0.7156634090987534	1.7785997181664588	4.584000281833572	3.087331517349311	3.2112392908635536	16	16	201	0	16.0	16	0	0	0.0	0	0	FinnGen_R12.EUR.E4_LIPOPROT,FinnGen_R12.EUR.I9_HYPTENS,FinnGen_R12.EUR.I9_IHD,FinnGen_R12.EUR.T2D,GLGC2021.without_UKB_EUR.HDL,GLGC2021.without_UKB_EUR.LDL,GLGC2021.without_UKB_EUR.TC,GLGC2021.without_UKB_EUR.logTG,GLGC2021.without_UKB_EUR.nonHDL,MVP_R4_GIA.EUR.A1C_Mean_INT,MVP_R4_GIA.EUR.ALT_Mean_INT,MVP_R4_GIA.EUR.AST_Mean_INT,MVP_R4_GIA.EUR.Glucose_Mean_INT,MVP_R4_GIA.EUR.Phe_401,MVP_R4_GIA.EUR.Phe_411,T2DGGI2024.EUR.T2D	5	0	1
external	SAS	SAS	GTEx_eQTL_MaxCPP	GTEx eQTL MaxCPP	33	signed_trait_level_median_enrichment_snp_jackknife	1.3895500000000103	0.6947681837331443	0.027804359883047525	2.751295640116973	1.2225716102976576	1.4475496635901817	9	9	201	0	9.0	9	0	0	0.0	0	0	GenesAndHealth.v010_quant_median.ALT_median,GenesAndHealth.v010_quant_median.AST_median,GenesAndHealth.v010_quant_median.GGT_median,GenesAndHealth.v010_quant_median.HbA1c_median,GLGC2021.without_UKB_SAS.HDL,GLGC2021.without_UKB_SAS.LDL,GLGC2021.without_UKB_SAS.TC,GLGC2021.without_UKB_SAS.logTG,GLGC2021.without_UKB_SAS.nonHDL	5	1	1
external	AFR	AFR	GTEx_eQTL_MaxCPP	GTEx eQTL MaxCPP	33	signed_trait_level_median_enrichment_snp_jackknife	1.8314450000000075	5.0391369568615945	-8.045263435448717	11.708153435448732	1.8241583831301305	3.0482694853774923	12	12	201	0	12.0	11	3	1	0.08333333333333333	0	1	GLGC2021.without_UKB_AFR.HDL,GLGC2021.without_UKB_AFR.LDL,GLGC2021.without_UKB_AFR.TC,GLGC2021.without_UKB_AFR.logTG,GLGC2021.without_UKB_AFR.nonHDL,MVP_R4_GIA.AFR.A1C_Mean_INT,MVP_R4_GIA.AFR.ALT_Mean_INT,MVP_R4_GIA.AFR.AST_Mean_INT,MVP_R4_GIA.AFR.Glucose_Mean_INT,MVP_R4_GIA.AFR.Phe_401,MVP_R4_GIA.AFR.Phe_411,T2DGGI2024.AFA.T2D	5	2	1
local	EUR_300k	EUR	BLUEPRINT_H3K27acQTL_MaxCPP	BLUEPRINT H3K27ac QTL	34	signed_trait_level_median_enrichment_snp_jackknife	2.151090000000009	0.33719049442876153	1.4901966309196362	2.8119833690803815	2.089468691037169	2.1758694655841846	40	40	201	0	40.0	40	0	0	0.0	0	0	albumin,alka_phos,asp_at,blood_mscv,blood_platelet,blood_rbc_count,bmi,cystatin_c,ggt,glucose,hba1c,hdl,height,ldl,triglycerides,testosterone,urate,bp_systolic,alanine_aminotransferase,heel_bone_mineral_density,creatinine,diastolic_blood_pressure,educational_qualification,fluid_intelligence_score,hand_grip_strength,haemoglobin_concentration,igf_1,neuroticism_score,sleep_duration,vitamin_d,white_blood_cell_count,whr,chronic_ischaemic_heart_disease_i25,dyslipidaemia_e78,hypertension_i10,ever_smoked,type2_diabetes_e11,apo_b,urea,calcium	6	0	0
local	SAS	SAS	BLUEPRINT_H3K27acQTL_MaxCPP	BLUEPRINT H3K27ac QTL	34	signed_trait_level_median_enrichment_snp_jackknife	1.0057000000000014	1.420162334279574	-1.7778181751879636	3.7892181751879663	0.7003482746125628	1.1034080359238052	39	40	201	0	39.0	39	0	18	0.46153846153846156	1	18	albumin,alka_phos,asp_at,blood_mscv,blood_platelet,blood_rbc_count,bmi,cystatin_c,ggt,glucose,hba1c,hdl,height,ldl,triglycerides,urate,bp_systolic,alanine_aminotransferase,heel_bone_mineral_density,creatinine,diastolic_blood_pressure,educational_qualification,fluid_intelligence_score,hand_grip_strength,haemoglobin_concentration,igf_1,neuroticism_score,sleep_duration,vitamin_d,white_blood_cell_count,whr,chronic_ischaemic_heart_disease_i25,dyslipidaemia_e78,hypertension_i10,ever_smoked,type2_diabetes_e11,apo_b,urea,calcium	6	1	0
local	AFR	AFR	BLUEPRINT_H3K27acQTL_MaxCPP	BLUEPRINT H3K27ac QTL	34	signed_trait_level_median_enrichment_snp_jackknife	2.91987	6.970789989313979	-10.7428783790554	16.5826183790554	1.6403185518300198	3.619167216047953	33	40	201	0	33.0	12	23	12	0.36363636363636365	7	16	albumin,alka_phos,asp_at,blood_mscv,blood_platelet,blood_rbc_count,bmi,cystatin_c,ggt,hdl,height,ldl,triglycerides,urate,bp_systolic,alanine_aminotransferase,creatinine,diastolic_blood_pressure,educational_qualification,fluid_intelligence_score,hand_grip_strength,haemoglobin_concentration,igf_1,neuroticism_score,vitamin_d,white_blood_cell_count,chronic_ischaemic_heart_disease_i25,dyslipidaemia_e78,hypertension_i10,ever_smoked,type2_diabetes_e11,apo_b,urea	6	2	0
external	EUR_300k	EUR	BLUEPRINT_H3K27acQTL_MaxCPP	BLUEPRINT H3K27ac QTL	34	signed_trait_level_median_enrichment_snp_jackknife	1.8194100000000062	0.2651369614607882	1.2997415555368614	2.339078444463151	1.7841204522959404	1.857057929441755	16	16	201	0	16.0	16	0	0	0.0	0	0	FinnGen_R12.EUR.E4_LIPOPROT,FinnGen_R12.EUR.I9_HYPTENS,FinnGen_R12.EUR.I9_IHD,FinnGen_R12.EUR.T2D,GLGC2021.without_UKB_EUR.HDL,GLGC2021.without_UKB_EUR.LDL,GLGC2021.without_UKB_EUR.TC,GLGC2021.without_UKB_EUR.logTG,GLGC2021.without_UKB_EUR.nonHDL,MVP_R4_GIA.EUR.A1C_Mean_INT,MVP_R4_GIA.EUR.ALT_Mean_INT,MVP_R4_GIA.EUR.AST_Mean_INT,MVP_R4_GIA.EUR.Glucose_Mean_INT,MVP_R4_GIA.EUR.Phe_401,MVP_R4_GIA.EUR.Phe_411,T2DGGI2024.EUR.T2D	6	0	1
external	SAS	SAS	BLUEPRINT_H3K27acQTL_MaxCPP	BLUEPRINT H3K27ac QTL	34	signed_trait_level_median_enrichment_snp_jackknife	2.2599200000000086	0.5410116641630137	1.1995371382405018	3.320302861759515	2.173409202040979	2.326480266209932	9	9	201	0	9.0	9	0	0	0.0	0	0	GenesAndHealth.v010_quant_median.ALT_median,GenesAndHealth.v010_quant_median.AST_median,GenesAndHealth.v010_quant_median.GGT_median,GenesAndHealth.v010_quant_median.HbA1c_median,GLGC2021.without_UKB_SAS.HDL,GLGC2021.without_UKB_SAS.LDL,GLGC2021.without_UKB_SAS.TC,GLGC2021.without_UKB_SAS.logTG,GLGC2021.without_UKB_SAS.nonHDL	6	1	1
external	AFR	AFR	BLUEPRINT_H3K27acQTL_MaxCPP	BLUEPRINT H3K27ac QTL	34	signed_trait_level_median_enrichment_snp_jackknife	2.314365000000006	1.188551797440963	-0.015196522984281646	4.643926522984293	2.1567245710479863	2.4736070520266105	12	12	201	0	12.0	11	3	0	0.0	0	0	GLGC2021.without_UKB_AFR.HDL,GLGC2021.without_UKB_AFR.LDL,GLGC2021.without_UKB_AFR.TC,GLGC2021.without_UKB_AFR.logTG,GLGC2021.without_UKB_AFR.nonHDL,MVP_R4_GIA.AFR.A1C_Mean_INT,MVP_R4_GIA.AFR.ALT_Mean_INT,MVP_R4_GIA.AFR.AST_Mean_INT,MVP_R4_GIA.AFR.Glucose_Mean_INT,MVP_R4_GIA.AFR.Phe_401,MVP_R4_GIA.AFR.Phe_411,T2DGGI2024.AFA.T2D	6	2	1
local	EUR_300k	EUR	BLUEPRINT_H3K4me1QTL_MaxCPP	BLUEPRINT H3K4me1 QTL	35	signed_trait_level_median_enrichment_snp_jackknife	2.1809200000000053	0.38323143214419897	1.4297863929973753	2.9320536070026355	2.1438800917864302	2.2332164660340266	40	40	201	0	40.0	40	0	0	0.0	0	0	albumin,alka_phos,asp_at,blood_mscv,blood_platelet,blood_rbc_count,bmi,cystatin_c,ggt,glucose,hba1c,hdl,height,ldl,triglycerides,testosterone,urate,bp_systolic,alanine_aminotransferase,heel_bone_mineral_density,creatinine,diastolic_blood_pressure,educational_qualification,fluid_intelligence_score,hand_grip_strength,haemoglobin_concentration,igf_1,neuroticism_score,sleep_duration,vitamin_d,white_blood_cell_count,whr,chronic_ischaemic_heart_disease_i25,dyslipidaemia_e78,hypertension_i10,ever_smoked,type2_diabetes_e11,apo_b,urea,calcium	7	0	0
local	SAS	SAS	BLUEPRINT_H3K4me1QTL_MaxCPP	BLUEPRINT H3K4me1 QTL	35	signed_trait_level_median_enrichment_snp_jackknife	0.8048400000000021	1.70310422032687	-2.533244271840663	4.142924271840667	0.5201434916698583	0.9556665442552796	39	40	201	0	39.0	39	0	16	0.41025641025641024	1	17	albumin,alka_phos,asp_at,blood_mscv,blood_platelet,blood_rbc_count,bmi,cystatin_c,ggt,glucose,hba1c,hdl,height,ldl,triglycerides,urate,bp_systolic,alanine_aminotransferase,heel_bone_mineral_density,creatinine,diastolic_blood_pressure,educational_qualification,fluid_intelligence_score,hand_grip_strength,haemoglobin_concentration,igf_1,neuroticism_score,sleep_duration,vitamin_d,white_blood_cell_count,whr,chronic_ischaemic_heart_disease_i25,dyslipidaemia_e78,hypertension_i10,ever_smoked,type2_diabetes_e11,apo_b,urea,calcium	7	1	0
local	AFR	AFR	BLUEPRINT_H3K4me1QTL_MaxCPP	BLUEPRINT H3K4me1 QTL	35	signed_trait_level_median_enrichment_snp_jackknife	-1.1516200000000023	27.560255020330647	-55.16971983984807	52.86647983984807	-4.058368172292327	3.0928768813989884	33	40	201	0	33.0	12	23	18	0.5454545454545454	7	20	albumin,alka_phos,asp_at,blood_mscv,blood_platelet,blood_rbc_count,bmi,cystatin_c,ggt,hdl,height,ldl,triglycerides,urate,bp_systolic,alanine_aminotransferase,creatinine,diastolic_blood_pressure,educational_qualification,fluid_intelligence_score,hand_grip_strength,haemoglobin_concentration,igf_1,neuroticism_score,vitamin_d,white_blood_cell_count,chronic_ischaemic_heart_disease_i25,dyslipidaemia_e78,hypertension_i10,ever_smoked,type2_diabetes_e11,apo_b,urea	7	2	0
external	EUR_300k	EUR	BLUEPRINT_H3K4me1QTL_MaxCPP	BLUEPRINT H3K4me1 QTL	35	signed_trait_level_median_enrichment_snp_jackknife	1.9624600000000052	0.33169591314969765	1.312336010226598	2.6125839897734124	1.9173160675038954	2.0033405198224647	16	16	201	0	16.0	16	0	0	0.0	0	0	FinnGen_R12.EUR.E4_LIPOPROT,FinnGen_R12.EUR.I9_HYPTENS,FinnGen_R12.EUR.I9_IHD,FinnGen_R12.EUR.T2D,GLGC2021.without_UKB_EUR.HDL,GLGC2021.without_UKB_EUR.LDL,GLGC2021.without_UKB_EUR.TC,GLGC2021.without_UKB_EUR.logTG,GLGC2021.without_UKB_EUR.nonHDL,MVP_R4_GIA.EUR.A1C_Mean_INT,MVP_R4_GIA.EUR.ALT_Mean_INT,MVP_R4_GIA.EUR.AST_Mean_INT,MVP_R4_GIA.EUR.Glucose_Mean_INT,MVP_R4_GIA.EUR.Phe_401,MVP_R4_GIA.EUR.Phe_411,T2DGGI2024.EUR.T2D	7	0	1
external	SAS	SAS	BLUEPRINT_H3K4me1QTL_MaxCPP	BLUEPRINT H3K4me1 QTL	35	signed_trait_level_median_enrichment_snp_jackknife	1.3599300000000003	0.4369173445580838	0.5035720046661561	2.2162879953338446	1.2844415618824705	1.4029847983970631	9	9	201	0	9.0	9	0	0	0.0	0	0	GenesAndHealth.v010_quant_median.ALT_median,GenesAndHealth.v010_quant_median.AST_median,GenesAndHealth.v010_quant_median.GGT_median,GenesAndHealth.v010_quant_median.HbA1c_median,GLGC2021.without_UKB_SAS.HDL,GLGC2021.without_UKB_SAS.LDL,GLGC2021.without_UKB_SAS.TC,GLGC2021.without_UKB_SAS.logTG,GLGC2021.without_UKB_SAS.nonHDL	7	1	1
external	AFR	AFR	BLUEPRINT_H3K4me1QTL_MaxCPP	BLUEPRINT H3K4me1 QTL	35	signed_trait_level_median_enrichment_snp_jackknife	1.4342700000000064	4.304923757528565	-7.003380564755981	9.871920564755994	1.0173335935244878	2.1495267869547865	12	12	201	0	12.0	11	3	3	0.25	0	3	GLGC2021.without_UKB_AFR.HDL,GLGC2021.without_UKB_AFR.LDL,GLGC2021.without_UKB_AFR.TC,GLGC2021.without_UKB_AFR.logTG,GLGC2021.without_UKB_AFR.nonHDL,MVP_R4_GIA.AFR.A1C_Mean_INT,MVP_R4_GIA.AFR.ALT_Mean_INT,MVP_R4_GIA.AFR.AST_Mean_INT,MVP_R4_GIA.AFR.Glucose_Mean_INT,MVP_R4_GIA.AFR.Phe_401,MVP_R4_GIA.AFR.Phe_411,T2DGGI2024.AFA.T2D	7	2	1
local	EUR_300k	EUR	BLUEPRINT_DNA_methylation_MaxCPP	BLUEPRINT methylation QTL	36	signed_trait_level_median_enrichment_snp_jackknife	1.7699250000000033	0.1810176704388845	1.4151303659397896	2.124719634060217	1.740484285792241	1.7959162170457965	40	40	201	0	40.0	40	0	0	0.0	0	0	albumin,alka_phos,asp_at,blood_mscv,blood_platelet,blood_rbc_count,bmi,cystatin_c,ggt,glucose,hba1c,hdl,height,ldl,triglycerides,testosterone,urate,bp_systolic,alanine_aminotransferase,heel_bone_mineral_density,creatinine,diastolic_blood_pressure,educational_qualification,fluid_intelligence_score,hand_grip_strength,haemoglobin_concentration,igf_1,neuroticism_score,sleep_duration,vitamin_d,white_blood_cell_count,whr,chronic_ischaemic_heart_disease_i25,dyslipidaemia_e78,hypertension_i10,ever_smoked,type2_diabetes_e11,apo_b,urea,calcium	8	0	0
local	SAS	SAS	BLUEPRINT_DNA_methylation_MaxCPP	BLUEPRINT methylation QTL	36	signed_trait_level_median_enrichment_snp_jackknife	1.4879000000000022	1.3799564136044737	-1.2168145706647662	4.19261457066477	1.2994112661545374	1.6510020507605896	39	40	201	0	39.0	39	0	9	0.23076923076923078	1	10	albumin,alka_phos,asp_at,blood_mscv,blood_platelet,blood_rbc_count,bmi,cystatin_c,ggt,glucose,hba1c,hdl,height,ldl,triglycerides,urate,bp_systolic,alanine_aminotransferase,heel_bone_mineral_density,creatinine,diastolic_blood_pressure,educational_qualification,fluid_intelligence_score,hand_grip_strength,haemoglobin_concentration,igf_1,neuroticism_score,sleep_duration,vitamin_d,white_blood_cell_count,whr,chronic_ischaemic_heart_disease_i25,dyslipidaemia_e78,hypertension_i10,ever_smoked,type2_diabetes_e11,apo_b,urea,calcium	8	1	0
local	AFR	AFR	BLUEPRINT_DNA_methylation_MaxCPP	BLUEPRINT methylation QTL	36	signed_trait_level_median_enrichment_snp_jackknife	2.693150000000001	8.168599984970076	-13.317305970541346	18.703605970541346	2.078201792588014	3.2611799127632617	33	40	201	0	33.0	12	23	12	0.36363636363636365	7	17	albumin,alka_phos,asp_at,blood_mscv,blood_platelet,blood_rbc_count,bmi,cystatin_c,ggt,hdl,height,ldl,triglycerides,urate,bp_systolic,alanine_aminotransferase,creatinine,diastolic_blood_pressure,educational_qualification,fluid_intelligence_score,hand_grip_strength,haemoglobin_concentration,igf_1,neuroticism_score,vitamin_d,white_blood_cell_count,chronic_ischaemic_heart_disease_i25,dyslipidaemia_e78,hypertension_i10,ever_smoked,type2_diabetes_e11,apo_b,urea	8	2	0
external	EUR_300k	EUR	BLUEPRINT_DNA_methylation_MaxCPP	BLUEPRINT methylation QTL	36	signed_trait_level_median_enrichment_snp_jackknife	1.5444850000000017	0.14081706164561528	1.2684835591745958	1.8204864408254076	1.51673278416096	1.5675209302639952	16	16	201	0	16.0	16	0	0	0.0	0	0	FinnGen_R12.EUR.E4_LIPOPROT,FinnGen_R12.EUR.I9_HYPTENS,FinnGen_R12.EUR.I9_IHD,FinnGen_R12.EUR.T2D,GLGC2021.without_UKB_EUR.HDL,GLGC2021.without_UKB_EUR.LDL,GLGC2021.without_UKB_EUR.TC,GLGC2021.without_UKB_EUR.logTG,GLGC2021.without_UKB_EUR.nonHDL,MVP_R4_GIA.EUR.A1C_Mean_INT,MVP_R4_GIA.EUR.ALT_Mean_INT,MVP_R4_GIA.EUR.AST_Mean_INT,MVP_R4_GIA.EUR.Glucose_Mean_INT,MVP_R4_GIA.EUR.Phe_401,MVP_R4_GIA.EUR.Phe_411,T2DGGI2024.EUR.T2D	8	0	1
external	SAS	SAS	BLUEPRINT_DNA_methylation_MaxCPP	BLUEPRINT methylation QTL	36	signed_trait_level_median_enrichment_snp_jackknife	1.4991300000000025	0.2938586737819565	0.9231669993873678	2.0750930006126374	1.4622891224877899	1.5370524963330763	9	9	201	0	9.0	9	0	0	0.0	0	0	GenesAndHealth.v010_quant_median.ALT_median,GenesAndHealth.v010_quant_median.AST_median,GenesAndHealth.v010_quant_median.GGT_median,GenesAndHealth.v010_quant_median.HbA1c_median,GLGC2021.without_UKB_SAS.HDL,GLGC2021.without_UKB_SAS.LDL,GLGC2021.without_UKB_SAS.TC,GLGC2021.without_UKB_SAS.logTG,GLGC2021.without_UKB_SAS.nonHDL	8	1	1
external	AFR	AFR	BLUEPRINT_DNA_methylation_MaxCPP	BLUEPRINT methylation QTL	36	signed_trait_level_median_enrichment_snp_jackknife	1.8138150000000024	3.224472333819683	-4.506150774286576	8.133780774286581	1.4670728172134542	2.1837974422208966	12	12	201	0	12.0	11	3	3	0.25	0	3	GLGC2021.without_UKB_AFR.HDL,GLGC2021.without_UKB_AFR.LDL,GLGC2021.without_UKB_AFR.TC,GLGC2021.without_UKB_AFR.logTG,GLGC2021.without_UKB_AFR.nonHDL,MVP_R4_GIA.AFR.A1C_Mean_INT,MVP_R4_GIA.AFR.ALT_Mean_INT,MVP_R4_GIA.AFR.AST_Mean_INT,MVP_R4_GIA.AFR.Glucose_Mean_INT,MVP_R4_GIA.AFR.Phe_401,MVP_R4_GIA.AFR.Phe_411,T2DGGI2024.AFA.T2D	8	2	1
local	EUR_300k	EUR	Coding_UCSC_w_flanking	Coding	1	signed_trait_level_median_enrichment_snp_jackknife	1.8260000000000012	0.16140313252133107	1.5096498602581923	2.14235013974181	1.7933237638726656	1.843238594412827	40	40	201	0	40.0	40	0	0	0.0	0	0	albumin,alka_phos,asp_at,blood_mscv,blood_platelet,blood_rbc_count,bmi,cystatin_c,ggt,glucose,hba1c,hdl,height,ldl,triglycerides,testosterone,urate,bp_systolic,alanine_aminotransferase,heel_bone_mineral_density,creatinine,diastolic_blood_pressure,educational_qualification,fluid_intelligence_score,hand_grip_strength,haemoglobin_concentration,igf_1,neuroticism_score,sleep_duration,vitamin_d,white_blood_cell_count,whr,chronic_ischaemic_heart_disease_i25,dyslipidaemia_e78,hypertension_i10,ever_smoked,type2_diabetes_e11,apo_b,urea,calcium	9	0	0
local	SAS	SAS	Coding_UCSC_w_flanking	Coding	1	signed_trait_level_median_enrichment_snp_jackknife	1.9853000000000005	0.6444405948074285	0.7221964341774405	3.2484035658225605	1.9230484749749124	2.096632112772599	39	40	201	0	39.0	39	0	2	0.05128205128205128	1	3	albumin,alka_phos,asp_at,blood_mscv,blood_platelet,blood_rbc_count,bmi,cystatin_c,ggt,glucose,hba1c,hdl,height,ldl,triglycerides,urate,bp_systolic,alanine_aminotransferase,heel_bone_mineral_density,creatinine,diastolic_blood_pressure,educational_qualification,fluid_intelligence_score,hand_grip_strength,haemoglobin_concentration,igf_1,neuroticism_score,sleep_duration,vitamin_d,white_blood_cell_count,whr,chronic_ischaemic_heart_disease_i25,dyslipidaemia_e78,hypertension_i10,ever_smoked,type2_diabetes_e11,apo_b,urea,calcium	9	1	0
local	AFR	AFR	Coding_UCSC_w_flanking	Coding	1	signed_trait_level_median_enrichment_snp_jackknife	1.4678900000000006	3.047941512002957	-4.506075363525795	7.4418553635257965	0.9553377288493292	1.8715851789372335	33	40	201	0	33.0	12	23	9	0.2727272727272727	7	13	albumin,alka_phos,asp_at,blood_mscv,blood_platelet,blood_rbc_count,bmi,cystatin_c,ggt,hdl,height,ldl,triglycerides,urate,bp_systolic,alanine_aminotransferase,creatinine,diastolic_blood_pressure,educational_qualification,fluid_intelligence_score,hand_grip_strength,haemoglobin_concentration,igf_1,neuroticism_score,vitamin_d,white_blood_cell_count,chronic_ischaemic_heart_disease_i25,dyslipidaemia_e78,hypertension_i10,ever_smoked,type2_diabetes_e11,apo_b,urea	9	2	0
external	EUR_300k	EUR	Coding_UCSC_w_flanking	Coding	1	signed_trait_level_median_enrichment_snp_jackknife	1.5088500000000011	0.28652856831080564	0.9472540061108221	2.07044599388918	1.4784516743841531	1.5328370387035897	16	16	201	0	16.0	16	0	0	0.0	0	0	FinnGen_R12.EUR.E4_LIPOPROT,FinnGen_R12.EUR.I9_HYPTENS,FinnGen_R12.EUR.I9_IHD,FinnGen_R12.EUR.T2D,GLGC2021.without_UKB_EUR.HDL,GLGC2021.without_UKB_EUR.LDL,GLGC2021.without_UKB_EUR.TC,GLGC2021.without_UKB_EUR.logTG,GLGC2021.without_UKB_EUR.nonHDL,MVP_R4_GIA.EUR.A1C_Mean_INT,MVP_R4_GIA.EUR.ALT_Mean_INT,MVP_R4_GIA.EUR.AST_Mean_INT,MVP_R4_GIA.EUR.Glucose_Mean_INT,MVP_R4_GIA.EUR.Phe_401,MVP_R4_GIA.EUR.Phe_411,T2DGGI2024.EUR.T2D	9	0	1
external	SAS	SAS	Coding_UCSC_w_flanking	Coding	1	signed_trait_level_median_enrichment_snp_jackknife	1.546130000000001	0.16214282354895118	1.2283300658440566	1.8639299341559452	1.53124677251054	1.5761201125449305	9	9	201	0	9.0	9	0	0	0.0	0	0	GenesAndHealth.v010_quant_median.ALT_median,GenesAndHealth.v010_quant_median.AST_median,GenesAndHealth.v010_quant_median.GGT_median,GenesAndHealth.v010_quant_median.HbA1c_median,GLGC2021.without_UKB_SAS.HDL,GLGC2021.without_UKB_SAS.LDL,GLGC2021.without_UKB_SAS.TC,GLGC2021.without_UKB_SAS.logTG,GLGC2021.without_UKB_SAS.nonHDL	9	1	1
external	AFR	AFR	Coding_UCSC_w_flanking	Coding	1	signed_trait_level_median_enrichment_snp_jackknife	1.788670000000001	1.1110322340651824	-0.3889531787677565	3.9662931787677587	1.4611916457366023	1.8121543030104055	12	12	201	0	12.0	11	3	0	0.0	0	0	GLGC2021.without_UKB_AFR.HDL,GLGC2021.without_UKB_AFR.LDL,GLGC2021.without_UKB_AFR.TC,GLGC2021.without_UKB_AFR.logTG,GLGC2021.without_UKB_AFR.nonHDL,MVP_R4_GIA.AFR.A1C_Mean_INT,MVP_R4_GIA.AFR.ALT_Mean_INT,MVP_R4_GIA.AFR.AST_Mean_INT,MVP_R4_GIA.AFR.Glucose_Mean_INT,MVP_R4_GIA.AFR.Phe_401,MVP_R4_GIA.AFR.Phe_411,T2DGGI2024.AFA.T2D	9	2	1
local	EUR_300k	EUR	non_synonymous	Nonsynonymous	38	signed_trait_level_median_enrichment_snp_jackknife	1.790980000000003	0.3309629092657167	1.1422926978391983	2.4396673021608075	1.7409073558198949	1.822152147068378	40	40	201	0	40.0	40	0	0	0.0	0	0	albumin,alka_phos,asp_at,blood_mscv,blood_platelet,blood_rbc_count,bmi,cystatin_c,ggt,glucose,hba1c,hdl,height,ldl,triglycerides,testosterone,urate,bp_systolic,alanine_aminotransferase,heel_bone_mineral_density,creatinine,diastolic_blood_pressure,educational_qualification,fluid_intelligence_score,hand_grip_strength,haemoglobin_concentration,igf_1,neuroticism_score,sleep_duration,vitamin_d,white_blood_cell_count,whr,chronic_ischaemic_heart_disease_i25,dyslipidaemia_e78,hypertension_i10,ever_smoked,type2_diabetes_e11,apo_b,urea,calcium	10	0	0
local	SAS	SAS	non_synonymous	Nonsynonymous	38	signed_trait_level_median_enrichment_snp_jackknife	2.508420000000007	1.2625042448148567	0.033911680162888036	4.982928319837127	2.307283547976525	2.6556978720025	39	40	201	0	39.0	39	0	6	0.15384615384615385	1	6	albumin,alka_phos,asp_at,blood_mscv,blood_platelet,blood_rbc_count,bmi,cystatin_c,ggt,glucose,hba1c,hdl,height,ldl,triglycerides,urate,bp_systolic,alanine_aminotransferase,heel_bone_mineral_density,creatinine,diastolic_blood_pressure,educational_qualification,fluid_intelligence_score,hand_grip_strength,haemoglobin_concentration,igf_1,neuroticism_score,sleep_duration,vitamin_d,white_blood_cell_count,whr,chronic_ischaemic_heart_disease_i25,dyslipidaemia_e78,hypertension_i10,ever_smoked,type2_diabetes_e11,apo_b,urea,calcium	10	1	0
local	AFR	AFR	non_synonymous	Nonsynonymous	38	signed_trait_level_median_enrichment_snp_jackknife	6.246270000000079	18.589504078271194	-30.189157993411456	42.68169799341162	2.293354061964163	7.299756229883364	33	40	201	0	33.0	12	23	15	0.45454545454545453	7	21	albumin,alka_phos,asp_at,blood_mscv,blood_platelet,blood_rbc_count,bmi,cystatin_c,ggt,hdl,height,ldl,triglycerides,urate,bp_systolic,alanine_aminotransferase,creatinine,diastolic_blood_pressure,educational_qualification,fluid_intelligence_score,hand_grip_strength,haemoglobin_concentration,igf_1,neuroticism_score,vitamin_d,white_blood_cell_count,chronic_ischaemic_heart_disease_i25,dyslipidaemia_e78,hypertension_i10,ever_smoked,type2_diabetes_e11,apo_b,urea	10	2	0
external	EUR_300k	EUR	non_synonymous	Nonsynonymous	38	signed_trait_level_median_enrichment_snp_jackknife	1.4638200000000028	0.756892650216358	-0.01968959442405893	2.9473295944240645	1.313204467941448	1.616411639711707	16	16	201	0	16.0	16	0	0	0.0	0	0	FinnGen_R12.EUR.E4_LIPOPROT,FinnGen_R12.EUR.I9_HYPTENS,FinnGen_R12.EUR.I9_IHD,FinnGen_R12.EUR.T2D,GLGC2021.without_UKB_EUR.HDL,GLGC2021.without_UKB_EUR.LDL,GLGC2021.without_UKB_EUR.TC,GLGC2021.without_UKB_EUR.logTG,GLGC2021.without_UKB_EUR.nonHDL,MVP_R4_GIA.EUR.A1C_Mean_INT,MVP_R4_GIA.EUR.ALT_Mean_INT,MVP_R4_GIA.EUR.AST_Mean_INT,MVP_R4_GIA.EUR.Glucose_Mean_INT,MVP_R4_GIA.EUR.Phe_401,MVP_R4_GIA.EUR.Phe_411,T2DGGI2024.EUR.T2D	10	0	1
external	SAS	SAS	non_synonymous	Nonsynonymous	38	signed_trait_level_median_enrichment_snp_jackknife	0.86498	0.3950255301233659	0.09072996095820285	1.639230039041797	0.8312789612783479	0.9196226041033174	9	9	201	0	9.0	9	0	0	0.0	0	0	GenesAndHealth.v010_quant_median.ALT_median,GenesAndHealth.v010_quant_median.AST_median,GenesAndHealth.v010_quant_median.GGT_median,GenesAndHealth.v010_quant_median.HbA1c_median,GLGC2021.without_UKB_SAS.HDL,GLGC2021.without_UKB_SAS.LDL,GLGC2021.without_UKB_SAS.TC,GLGC2021.without_UKB_SAS.logTG,GLGC2021.without_UKB_SAS.nonHDL	10	1	1
external	AFR	AFR	non_synonymous	Nonsynonymous	38	signed_trait_level_median_enrichment_snp_jackknife	2.649505000000011	2.1405782742078427	-1.5460284174473609	6.845038417447383	2.2910185592650407	2.949110896171306	12	12	201	0	12.0	11	3	1	0.08333333333333333	0	1	GLGC2021.without_UKB_AFR.HDL,GLGC2021.without_UKB_AFR.LDL,GLGC2021.without_UKB_AFR.TC,GLGC2021.without_UKB_AFR.logTG,GLGC2021.without_UKB_AFR.nonHDL,MVP_R4_GIA.AFR.A1C_Mean_INT,MVP_R4_GIA.AFR.ALT_Mean_INT,MVP_R4_GIA.AFR.AST_Mean_INT,MVP_R4_GIA.AFR.Glucose_Mean_INT,MVP_R4_GIA.AFR.Phe_401,MVP_R4_GIA.AFR.Phe_411,T2DGGI2024.AFA.T2D	10	2	1
local	EUR_300k	EUR	Promoter_UCSC_w_flanking	Promoter	20	signed_trait_level_median_enrichment_snp_jackknife	1.6317400000000004	0.22699215676821335	1.1868353727343022	2.0766446272656984	1.5984652801941455	1.6499803483055633	40	40	201	0	40.0	40	0	0	0.0	0	0	albumin,alka_phos,asp_at,blood_mscv,blood_platelet,blood_rbc_count,bmi,cystatin_c,ggt,glucose,hba1c,hdl,height,ldl,triglycerides,testosterone,urate,bp_systolic,alanine_aminotransferase,heel_bone_mineral_density,creatinine,diastolic_blood_pressure,educational_qualification,fluid_intelligence_score,hand_grip_strength,haemoglobin_concentration,igf_1,neuroticism_score,sleep_duration,vitamin_d,white_blood_cell_count,whr,chronic_ischaemic_heart_disease_i25,dyslipidaemia_e78,hypertension_i10,ever_smoked,type2_diabetes_e11,apo_b,urea,calcium	11	0	0
local	SAS	SAS	Promoter_UCSC_w_flanking	Promoter	20	signed_trait_level_median_enrichment_snp_jackknife	1.8074800000000015	0.7049959686150706	0.425687901514463	3.18927209848554	1.6905880309033965	1.8722356138130956	39	40	201	0	39.0	39	0	6	0.15384615384615385	1	7	albumin,alka_phos,asp_at,blood_mscv,blood_platelet,blood_rbc_count,bmi,cystatin_c,ggt,glucose,hba1c,hdl,height,ldl,triglycerides,urate,bp_systolic,alanine_aminotransferase,heel_bone_mineral_density,creatinine,diastolic_blood_pressure,educational_qualification,fluid_intelligence_score,hand_grip_strength,haemoglobin_concentration,igf_1,neuroticism_score,sleep_duration,vitamin_d,white_blood_cell_count,whr,chronic_ischaemic_heart_disease_i25,dyslipidaemia_e78,hypertension_i10,ever_smoked,type2_diabetes_e11,apo_b,urea,calcium	11	1	0
local	AFR	AFR	Promoter_UCSC_w_flanking	Promoter	20	signed_trait_level_median_enrichment_snp_jackknife	2.688640000000002	4.213617080379293	-5.570049477543411	10.947329477543416	1.9993889889709	3.034331532258407	33	40	201	0	33.0	12	23	13	0.3939393939393939	7	19	albumin,alka_phos,asp_at,blood_mscv,blood_platelet,blood_rbc_count,bmi,cystatin_c,ggt,hdl,height,ldl,triglycerides,urate,bp_systolic,alanine_aminotransferase,creatinine,diastolic_blood_pressure,educational_qualification,fluid_intelligence_score,hand_grip_strength,haemoglobin_concentration,igf_1,neuroticism_score,vitamin_d,white_blood_cell_count,chronic_ischaemic_heart_disease_i25,dyslipidaemia_e78,hypertension_i10,ever_smoked,type2_diabetes_e11,apo_b,urea	11	2	0
external	EUR_300k	EUR	Promoter_UCSC_w_flanking	Promoter	20	signed_trait_level_median_enrichment_snp_jackknife	1.242425000000001	0.5354271018528076	0.19298788036849812	2.291862119631504	1.2235752512669233	1.3151659514652854	16	16	201	0	16.0	16	0	0	0.0	0	0	FinnGen_R12.EUR.E4_LIPOPROT,FinnGen_R12.EUR.I9_HYPTENS,FinnGen_R12.EUR.I9_IHD,FinnGen_R12.EUR.T2D,GLGC2021.without_UKB_EUR.HDL,GLGC2021.without_UKB_EUR.LDL,GLGC2021.without_UKB_EUR.TC,GLGC2021.without_UKB_EUR.logTG,GLGC2021.without_UKB_EUR.nonHDL,MVP_R4_GIA.EUR.A1C_Mean_INT,MVP_R4_GIA.EUR.ALT_Mean_INT,MVP_R4_GIA.EUR.AST_Mean_INT,MVP_R4_GIA.EUR.Glucose_Mean_INT,MVP_R4_GIA.EUR.Phe_401,MVP_R4_GIA.EUR.Phe_411,T2DGGI2024.EUR.T2D	11	0	1
external	SAS	SAS	Promoter_UCSC_w_flanking	Promoter	20	signed_trait_level_median_enrichment_snp_jackknife	1.7033200000000006	0.33564906425502444	1.0454478340601527	2.3611921659398485	1.6507204064444623	1.7385641404313559	9	9	201	0	9.0	9	0	0	0.0	0	0	GenesAndHealth.v010_quant_median.ALT_median,GenesAndHealth.v010_quant_median.AST_median,GenesAndHealth.v010_quant_median.GGT_median,GenesAndHealth.v010_quant_median.HbA1c_median,GLGC2021.without_UKB_SAS.HDL,GLGC2021.without_UKB_SAS.LDL,GLGC2021.without_UKB_SAS.TC,GLGC2021.without_UKB_SAS.logTG,GLGC2021.without_UKB_SAS.nonHDL	11	1	1
external	AFR	AFR	Promoter_UCSC_w_flanking	Promoter	20	signed_trait_level_median_enrichment_snp_jackknife	1.8176950000000018	1.3523327450213976	-0.8328771802419372	4.468267180241941	1.7191368890962129	2.1293077084030276	12	12	201	0	12.0	11	3	0	0.0	0	0	GLGC2021.without_UKB_AFR.HDL,GLGC2021.without_UKB_AFR.LDL,GLGC2021.without_UKB_AFR.TC,GLGC2021.without_UKB_AFR.logTG,GLGC2021.without_UKB_AFR.nonHDL,MVP_R4_GIA.AFR.A1C_Mean_INT,MVP_R4_GIA.AFR.ALT_Mean_INT,MVP_R4_GIA.AFR.AST_Mean_INT,MVP_R4_GIA.AFR.Glucose_Mean_INT,MVP_R4_GIA.AFR.Phe_401,MVP_R4_GIA.AFR.Phe_411,T2DGGI2024.AFA.T2D	11	2	1
local	EUR_300k	EUR	DHS_Trynka_w_flanking	DHS + flank	6	signed_trait_level_median_enrichment_snp_jackknife	1.178485	0.0389014656858075	1.1022381272558173	1.2547318727441827	1.1736878867338034	1.1817259978538672	40	40	201	0	40.0	40	0	0	0.0	0	0	albumin,alka_phos,asp_at,blood_mscv,blood_platelet,blood_rbc_count,bmi,cystatin_c,ggt,glucose,hba1c,hdl,height,ldl,triglycerides,testosterone,urate,bp_systolic,alanine_aminotransferase,heel_bone_mineral_density,creatinine,diastolic_blood_pressure,educational_qualification,fluid_intelligence_score,hand_grip_strength,haemoglobin_concentration,igf_1,neuroticism_score,sleep_duration,vitamin_d,white_blood_cell_count,whr,chronic_ischaemic_heart_disease_i25,dyslipidaemia_e78,hypertension_i10,ever_smoked,type2_diabetes_e11,apo_b,urea,calcium	12	0	0
local	SAS	SAS	DHS_Trynka_w_flanking	DHS + flank	6	signed_trait_level_median_enrichment_snp_jackknife	1.1717799999999998	0.2523303263335104	0.6772125603863195	1.6663474396136801	1.1521016497507486	1.2257802404244806	39	40	201	0	39.0	39	0	1	0.02564102564102564	1	1	albumin,alka_phos,asp_at,blood_mscv,blood_platelet,blood_rbc_count,bmi,cystatin_c,ggt,glucose,hba1c,hdl,height,ldl,triglycerides,urate,bp_systolic,alanine_aminotransferase,heel_bone_mineral_density,creatinine,diastolic_blood_pressure,educational_qualification,fluid_intelligence_score,hand_grip_strength,haemoglobin_concentration,igf_1,neuroticism_score,sleep_duration,vitamin_d,white_blood_cell_count,whr,chronic_ischaemic_heart_disease_i25,dyslipidaemia_e78,hypertension_i10,ever_smoked,type2_diabetes_e11,apo_b,urea,calcium	12	1	0
local	AFR	AFR	DHS_Trynka_w_flanking	DHS + flank	6	signed_trait_level_median_enrichment_snp_jackknife	0.5887399999999999	2.5589941277757333	-4.4268884904404375	5.604368490440437	0.3775612605573646	1.005164593731901	33	40	201	0	33.0	12	23	9	0.2727272727272727	7	14	albumin,alka_phos,asp_at,blood_mscv,blood_platelet,blood_rbc_count,bmi,cystatin_c,ggt,hdl,height,ldl,triglycerides,urate,bp_systolic,alanine_aminotransferase,creatinine,diastolic_blood_pressure,educational_qualification,fluid_intelligence_score,hand_grip_strength,haemoglobin_concentration,igf_1,neuroticism_score,vitamin_d,white_blood_cell_count,chronic_ischaemic_heart_disease_i25,dyslipidaemia_e78,hypertension_i10,ever_smoked,type2_diabetes_e11,apo_b,urea	12	2	0
external	EUR_300k	EUR	DHS_Trynka_w_flanking	DHS + flank	6	signed_trait_level_median_enrichment_snp_jackknife	1.15419	0.04956029935454038	1.057051813265101	1.251328186734899	1.1507391402825622	1.159364825503633	16	16	201	0	16.0	16	0	0	0.0	0	0	FinnGen_R12.EUR.E4_LIPOPROT,FinnGen_R12.EUR.I9_HYPTENS,FinnGen_R12.EUR.I9_IHD,FinnGen_R12.EUR.T2D,GLGC2021.without_UKB_EUR.HDL,GLGC2021.without_UKB_EUR.LDL,GLGC2021.without_UKB_EUR.TC,GLGC2021.without_UKB_EUR.logTG,GLGC2021.without_UKB_EUR.nonHDL,MVP_R4_GIA.EUR.A1C_Mean_INT,MVP_R4_GIA.EUR.ALT_Mean_INT,MVP_R4_GIA.EUR.AST_Mean_INT,MVP_R4_GIA.EUR.Glucose_Mean_INT,MVP_R4_GIA.EUR.Phe_401,MVP_R4_GIA.EUR.Phe_411,T2DGGI2024.EUR.T2D	12	0	1
external	SAS	SAS	DHS_Trynka_w_flanking	DHS + flank	6	signed_trait_level_median_enrichment_snp_jackknife	1.0379900000000002	0.0595956355813764	0.9211825542605024	1.1547974457394978	1.031408404525251	1.047147597368347	9	9	201	0	9.0	9	0	0	0.0	0	0	GenesAndHealth.v010_quant_median.ALT_median,GenesAndHealth.v010_quant_median.AST_median,GenesAndHealth.v010_quant_median.GGT_median,GenesAndHealth.v010_quant_median.HbA1c_median,GLGC2021.without_UKB_SAS.HDL,GLGC2021.without_UKB_SAS.LDL,GLGC2021.without_UKB_SAS.TC,GLGC2021.without_UKB_SAS.logTG,GLGC2021.without_UKB_SAS.nonHDL	12	1	1
external	AFR	AFR	DHS_Trynka_w_flanking	DHS + flank	6	signed_trait_level_median_enrichment_snp_jackknife	1.1098400000000002	0.42568411064194717	0.2754991431417837	1.9441808568582166	1.0801984739635604	1.1833629882566254	12	12	201	0	12.0	11	3	0	0.0	0	0	GLGC2021.without_UKB_AFR.HDL,GLGC2021.without_UKB_AFR.LDL,GLGC2021.without_UKB_AFR.TC,GLGC2021.without_UKB_AFR.logTG,GLGC2021.without_UKB_AFR.nonHDL,MVP_R4_GIA.AFR.A1C_Mean_INT,MVP_R4_GIA.AFR.ALT_Mean_INT,MVP_R4_GIA.AFR.AST_Mean_INT,MVP_R4_GIA.AFR.Glucose_Mean_INT,MVP_R4_GIA.AFR.Phe_401,MVP_R4_GIA.AFR.Phe_411,T2DGGI2024.AFA.T2D	12	2	1
