cohort	method	source	group	source_label	trait	local_phen	external_h2	external_h2_se	ukb_h2	ukb_h2_se	exclude_reason	included	finite_for_plot
AFR	covldsc	GLGC2021	without_UKB_AFR	GLGC2021_without_UKB_AFR	HDL	hdl	0.094	0.0211	0.1442	0.4264		True	True
AFR	covldsc	GLGC2021	without_UKB_AFR	GLGC2021_without_UKB_AFR	LDL	ldl	0.0996	0.0219	0.9226	0.3887		True	True
AFR	covldsc	GLGC2021	without_UKB_AFR	GLGC2021_without_UKB_AFR	logTG	triglycerides	0.0777	0.018	0.0953	0.3761		True	True
AFR	covldsc	MVP_R4_GIA	AFR	MVP_R4_GIA_AFR	A1C_Mean_INT	hba1c	0.1058	0.02	0.1166	0.4074		True	True
AFR	covldsc	MVP_R4_GIA	AFR	MVP_R4_GIA_AFR	ALT_Mean_INT	alanine_aminotransferase	0.0435	0.0166	0.402	0.3716		True	True
AFR	covldsc	MVP_R4_GIA	AFR	MVP_R4_GIA_AFR	AST_Mean_INT	asp_at	0.0464	0.0133	-0.672	0.3738		True	True
AFR	covldsc	MVP_R4_GIA	AFR	MVP_R4_GIA_AFR	Glucose_Mean_INT	glucose	0.1113	0.0165	0.7864	0.4131		True	True
AFR	covldsc	MVP_R4_GIA	AFR	MVP_R4_GIA_AFR	Phe_401	hypertension_i10	0.0409	0.0122	0.2177	0.3422		True	True
AFR	covldsc	MVP_R4_GIA	AFR	MVP_R4_GIA_AFR	Phe_411	chronic_ischaemic_heart_disease_i25	0.0075	0.0126	0.2138	0.3573		True	True
AFR	covldsc	MVP_R4_HARE	AFR	MVP_R4_HARE_AFR	BMI_Mean_INT	bmi	0.2484	0.0244	0.1583	0.3596		True	True
AFR	covldsc	MVP_R4_HARE	AFR	MVP_R4_HARE_AFR	Diastolic_Mean_INT	diastolic_blood_pressure	0.1245	0.0181	0.6573	0.3742		True	True
AFR	covldsc	MVP_R4_HARE	AFR	MVP_R4_HARE_AFR	Height_Mean_INT	height	0.4444	0.0519	0.7197	0.3872		True	True
AFR	covldsc	MVP_R4_HARE	AFR	MVP_R4_HARE_AFR	Systolic_Mean_INT	bp_systolic	0.0933	0.0166	0.9109	0.3528		True	True
AFR	covldsc	T2DGGI2024	AFA	T2DGGI2024_AFA	T2D	type2_diabetes_e11	0.0898	0.0128	0.0262	0.3636		True	True
AFR	summit	GLGC2021	without_UKB_AFR	GLGC2021_without_UKB_AFR	HDL	hdl	0.0787298567592	0.0141170701208	0.37284	0.16695		True	True
AFR	summit	GLGC2021	without_UKB_AFR	GLGC2021_without_UKB_AFR	LDL	ldl	0.0756286705169	0.0171344341344	0.23614	0.15406		True	True
AFR	summit	GLGC2021	without_UKB_AFR	GLGC2021_without_UKB_AFR	logTG	triglycerides	0.0533834462865	0.0102060325204	0.14149	0.14223		True	True
AFR	summit	MVP_R4_GIA	AFR	MVP_R4_GIA_AFR	A1C_Mean_INT	hba1c	0.290991473575	0.0112521217209	0.18262	0.14173		True	True
AFR	summit	MVP_R4_GIA	AFR	MVP_R4_GIA_AFR	ALT_Mean_INT	alanine_aminotransferase	0.174110368508	0.00692517980008	0.26134	0.12759		True	True
AFR	summit	MVP_R4_GIA	AFR	MVP_R4_GIA_AFR	AST_Mean_INT	asp_at	0.15626715793	0.00657460534339	0.21018	0.14078		True	True
AFR	summit	MVP_R4_GIA	AFR	MVP_R4_GIA_AFR	Glucose_Mean_INT	glucose	0.2761024469	0.00881908848669	0.07393	0.1519		True	True
AFR	summit	MVP_R4_GIA	AFR	MVP_R4_GIA_AFR	Phe_401	hypertension_i10	0.065214642738	0.0048569686673	0.17191	0.13091		True	True
AFR	summit	MVP_R4_GIA	AFR	MVP_R4_GIA_AFR	Phe_411	chronic_ischaemic_heart_disease_i25	0.0570744511214	0.0047930232195	0.12798	0.14848		True	True
AFR	summit	MVP_R4_HARE	AFR	MVP_R4_HARE_AFR	BMI_Mean_INT	bmi	0.461156198881	0.0137356468809	0.10187	0.12518		True	True
AFR	summit	MVP_R4_HARE	AFR	MVP_R4_HARE_AFR	Diastolic_Mean_INT	diastolic_blood_pressure	0.303204826389	0.00985496417034	0.13391	0.13746		True	True
AFR	summit	MVP_R4_HARE	AFR	MVP_R4_HARE_AFR	Height_Mean_INT	height	0.913140860081	0.0347347055799	0.63814	0.16402		True	True
AFR	summit	MVP_R4_HARE	AFR	MVP_R4_HARE_AFR	Systolic_Mean_INT	bp_systolic	0.281689376098	0.00764738037978	0.49113	0.14747		True	True
AFR	summit	T2DGGI2024	AFA	T2DGGI2024_AFA	T2D	type2_diabetes_e11	0.0936122290652	0.00609592671894	0.2159	0.11761		True	True
EUR_300k	covldsc	FinnGen_R12	EUR	FinnGen_R12_EUR	E4_LIPOPROT	dyslipidaemia_e78	0.0349	0.0132	0.1365	0.022		True	True
EUR_300k	covldsc	FinnGen_R12	EUR	FinnGen_R12_EUR	I9_HYPTENS	hypertension_i10	0.1063	0.0371	0.1981	0.0208		True	True
EUR_300k	covldsc	FinnGen_R12	EUR	FinnGen_R12_EUR	I9_IHD	chronic_ischaemic_heart_disease_i25	0.0447	0.0124	0.0645	0.0159		True	True
EUR_300k	covldsc	FinnGen_R12	EUR	FinnGen_R12_EUR	T2D	type2_diabetes_e11	0.1375	0.0238	0.1021	0.0179		True	True
EUR_300k	covldsc	GLGC2021	without_UKB_EUR	GLGC2021_without_UKB_EUR	HDL	hdl	0.1182	0.0292	0.1968	0.0575		True	True
EUR_300k	covldsc	GLGC2021	without_UKB_EUR	GLGC2021_without_UKB_EUR	LDL	ldl	0.0805	0.0306	0.0789	0.0369		True	True
EUR_300k	covldsc	GLGC2021	without_UKB_EUR	GLGC2021_without_UKB_EUR	logTG	triglycerides	0.1064	0.0342	0.2012	0.0352		True	True
EUR_300k	covldsc	MVP_R4_GIA	EUR	MVP_R4_GIA_EUR	A1C_Mean_INT	hba1c	0.4806	0.0379	0.2679	0.0366		True	True
EUR_300k	covldsc	MVP_R4_GIA	EUR	MVP_R4_GIA_EUR	ALT_Mean_INT	alanine_aminotransferase	0.1217	0.026	0.1638	0.0259		True	True
EUR_300k	covldsc	MVP_R4_GIA	EUR	MVP_R4_GIA_EUR	AST_Mean_INT	asp_at	0.1296	0.0204	0.1341	0.0254		True	True
EUR_300k	covldsc	MVP_R4_GIA	EUR	MVP_R4_GIA_EUR	Glucose_Mean_INT	glucose	0.3556	0.0323	0.1145	0.0273		True	True
EUR_300k	covldsc	MVP_R4_GIA	EUR	MVP_R4_GIA_EUR	Phe_401	hypertension_i10	0.1605	0.0153	0.1981	0.0208		True	True
EUR_300k	covldsc	MVP_R4_GIA	EUR	MVP_R4_GIA_EUR	Phe_411	chronic_ischaemic_heart_disease_i25	0.1296	0.016	0.0645	0.0159		True	True
EUR_300k	covldsc	MVP_R4_HARE	EUR	MVP_R4_HARE_EUR	BMI_Mean_INT	bmi	0.6156	0.0487	0.3632	0.0259		True	True
EUR_300k	covldsc	MVP_R4_HARE	EUR	MVP_R4_HARE_EUR	Diastolic_Mean_INT	diastolic_blood_pressure	0.1802	0.0664	0.1577	0.0208		True	True
EUR_300k	covldsc	MVP_R4_HARE	EUR	MVP_R4_HARE_EUR	Height_Mean_INT	height	1.6412	0.1149	0.6211	0.0489		True	True
EUR_300k	covldsc	MVP_R4_HARE	EUR	MVP_R4_HARE_EUR	Systolic_Mean_INT	bp_systolic	0.0995	0.1583	0.191	0.0197		True	True
EUR_300k	covldsc	T2DGGI2024	EUR	T2DGGI2024_EUR	T2D	type2_diabetes_e11	0.093	0.0096	0.1021	0.0179		True	True
EUR_300k	summit	FinnGen_R12	EUR	FinnGen_R12_EUR	E4_LIPOPROT	dyslipidaemia_e78	0.0753906608963	0.00593706013933	0.09339	0.00658		True	True
EUR_300k	summit	FinnGen_R12	EUR	FinnGen_R12_EUR	I9_HYPTENS	hypertension_i10	0.201823298223	0.006860448285	0.15872	0.00506		True	True
EUR_300k	summit	FinnGen_R12	EUR	FinnGen_R12_EUR	I9_IHD	chronic_ischaemic_heart_disease_i25	0.102975592404	0.00471847982915	0.06162	0.00335		True	True
EUR_300k	summit	FinnGen_R12	EUR	FinnGen_R12_EUR	T2D	type2_diabetes_e11	0.199477817136	0.00712437929993	0.08832	0.0036		True	True
EUR_300k	summit	GLGC2021	without_UKB_EUR	GLGC2021_without_UKB_EUR	HDL	hdl	0.159858669575	0.013745672787	0.25837	0.01827		True	True
EUR_300k	summit	GLGC2021	without_UKB_EUR	GLGC2021_without_UKB_EUR	LDL	ldl	0.112388538772	0.0133645719395	0.11558	0.01304		True	True
EUR_300k	summit	GLGC2021	without_UKB_EUR	GLGC2021_without_UKB_EUR	logTG	triglycerides	0.133258447761	0.0109284815277	0.20356	0.01316		True	True
EUR_300k	summit	MVP_R4_GIA	EUR	MVP_R4_GIA_EUR	A1C_Mean_INT	hba1c	0.781126303533	0.0141598941116	0.23669	0.01313		True	True
EUR_300k	summit	MVP_R4_GIA	EUR	MVP_R4_GIA_EUR	ALT_Mean_INT	alanine_aminotransferase	0.283419461556	0.00818702201693	0.14396	0.00728		True	True
EUR_300k	summit	MVP_R4_GIA	EUR	MVP_R4_GIA_EUR	AST_Mean_INT	asp_at	0.345388136447	0.00881611107294	0.15785	0.00995		True	True
EUR_300k	summit	MVP_R4_GIA	EUR	MVP_R4_GIA_EUR	Glucose_Mean_INT	glucose	0.555779671702	0.011009860261	0.09129	0.00822		True	True
EUR_300k	summit	MVP_R4_GIA	EUR	MVP_R4_GIA_EUR	Phe_401	hypertension_i10	0.181528150108	0.00371520152756	0.15872	0.00506		True	True
EUR_300k	summit	MVP_R4_GIA	EUR	MVP_R4_GIA_EUR	Phe_411	chronic_ischaemic_heart_disease_i25	0.196230515587	0.00468270060273	0.06162	0.00335		True	True
EUR_300k	summit	MVP_R4_HARE	EUR	MVP_R4_HARE_EUR	BMI_Mean_INT	bmi	0.88282598581	0.0138200289421	0.27103	0.00696		True	True
EUR_300k	summit	MVP_R4_HARE	EUR	MVP_R4_HARE_EUR	Diastolic_Mean_INT	diastolic_blood_pressure	0.432106919586	0.00779920079878	0.15411	0.0052		True	True
EUR_300k	summit	MVP_R4_HARE	EUR	MVP_R4_HARE_EUR	Height_Mean_INT	height	2.51435954351	0.0603514277746	0.55392	0.02191		True	True
EUR_300k	summit	MVP_R4_HARE	EUR	MVP_R4_HARE_EUR	Systolic_Mean_INT	bp_systolic	0.482468151607	0.0088635449945	0.16339	0.00498		True	True
EUR_300k	summit	T2DGGI2024	EUR	T2DGGI2024_EUR	T2D	type2_diabetes_e11	0.0691894970722	0.00275647919745	0.08832	0.0036		True	True
SAS	covldsc	GLGC2021	without_UKB_SAS	GLGC2021_without_UKB_SAS	HDL	hdl	0.2808	0.0885	0.7546	0.6201		True	True
SAS	covldsc	GLGC2021	without_UKB_SAS	GLGC2021_without_UKB_SAS	LDL	ldl	0.0748	0.0841	0.3232	0.4573		True	True
SAS	covldsc	GLGC2021	without_UKB_SAS	GLGC2021_without_UKB_SAS	logTG	triglycerides	0.1266	0.0842	0.7968	0.4427		True	True
SAS	covldsc	GenesAndHealth	v010_quant_median	GenesAndHealth	ALT_median	alanine_aminotransferase	0.1361	0.1003	0.4152	0.4088		True	True
SAS	covldsc	GenesAndHealth	v010_quant_median	GenesAndHealth	AST_median	asp_at	0.0508	0.1994	0.3195	0.425		True	True
SAS	covldsc	GenesAndHealth	v010_quant_median	GenesAndHealth	GGT_median	ggt	0.1161	0.2214	0.4076	0.3842		True	True
SAS	covldsc	GenesAndHealth	v010_quant_median	GenesAndHealth	HbA1c_median	hba1c	0.0621	0.0957	0.063	0.3968		True	True
SAS	summit	GLGC2021	without_UKB_SAS	GLGC2021_without_UKB_SAS	HDL	hdl	0.579699402231	0.028241259065	0.33404	0.07643		True	True
SAS	summit	GLGC2021	without_UKB_SAS	GLGC2021_without_UKB_SAS	LDL	ldl	0.479290519302	0.0271368981398	0.16848	0.07354		True	True
SAS	summit	GLGC2021	without_UKB_SAS	GLGC2021_without_UKB_SAS	logTG	triglycerides	0.566710855693	0.0275343398675	0.21907	0.06699		True	True
SAS	summit	GenesAndHealth	v010_quant_median	GenesAndHealth	ALT_median	alanine_aminotransferase	0.210064156668	0.0152020387397	0.18969	0.06467		True	True
SAS	summit	GenesAndHealth	v010_quant_median	GenesAndHealth	AST_median	asp_at	0.265616020172	0.0296513423027	0.19154	0.06478		True	True
SAS	summit	GenesAndHealth	v010_quant_median	GenesAndHealth	GGT_median	ggt	0.384675051187	0.0299433199198	0.35416	0.07554		True	True
SAS	summit	GenesAndHealth	v010_quant_median	GenesAndHealth	HbA1c_median	hba1c	0.345025944471	0.0169294255526	0.38689	0.06433		True	True
