pop,annotation,annotation_label,annotation_family,n_traits,tau_star_meta,tau_star_ci_lo,tau_star_ci_hi,tau_star_se,enrichment_meta,enrichment_ci_lo,enrichment_ci_hi,log2_enrichment_meta,log2_enrichment_ci_lo,log2_enrichment_ci_hi,annotation_group,annotation_label_plot,n_jackknife
EUR_300k,Human_Promoter_Villar_w_flanking,Human promoter (Villar),Hujoel,40,0.0194304834848968,-0.0569968798021663,0.0958578467719601,0.0389935526974812,2.967038169446638,2.812908033497288,3.1296136930605924,1.5690234864801864,1.4920623852916777,1.6459845876686952,Hujoel,Human promoter (Villar),200
EUR,Human_Promoter_Villar_w_flanking,Human promoter (Villar),Hujoel,40,0.1234602743128945,-0.1603252542389354,0.4072458028647244,0.1447885349754234,5.98643571119271,4.853505072055899,7.38382096901013,2.5816972864372114,2.279026999610737,2.884367573263686,Hujoel,Human promoter (Villar),200
SAS,Human_Promoter_Villar_w_flanking,Human promoter (Villar),Hujoel,40,0.1137169117416652,-0.1713564992214163,0.3987903227047468,0.1454456178383069,5.51441863105488,4.372650009611837,6.954321240364855,2.463208794736813,2.1285078785804976,2.797909710893129,Hujoel,Human promoter (Villar),200
AFR,Human_Promoter_Villar_w_flanking,Human promoter (Villar),Hujoel,40,0.0028138701131092,-1.5044455715162437,1.5100733117424625,0.7690099191986495,10.260741245844688,6.297217613390918,16.718941186071834,3.3590630512783664,2.6547145235264265,4.063411579030306,Hujoel,Human promoter (Villar),200
EUR_300k,Human_Enhancer_Villar_w_flanking,Human enhancer (Villar),Hujoel,40,-0.0275650716360109,-0.0863134872702036,0.0311833439981817,0.0299736814460166,2.182555861171678,2.092230758775268,2.2767804493627137,1.1260185792173802,1.0650419797784227,1.1869951786563375,Hujoel,Human enhancer (Villar),200
EUR,Human_Enhancer_Villar_w_flanking,Human enhancer (Villar),Hujoel,40,-0.0851060130151599,-0.3290658120870665,0.1588537860567465,0.1244692852407686,3.640424209444353,2.955477857460186,4.484110206157102,1.8641065738312768,1.5633914119093764,2.1648217357531774,Hujoel,Human enhancer (Villar),200
SAS,Human_Enhancer_Villar_w_flanking,Human enhancer (Villar),Hujoel,40,0.0977709111015239,-0.1525367042264513,0.3480785264294993,0.127707967004069,4.296598441505191,3.4557417723874657,5.3420537133452735,2.103194949669436,1.788995417265648,2.4173944820732234,Hujoel,Human enhancer (Villar),200
AFR,Human_Enhancer_Villar_w_flanking,Human enhancer (Villar),Hujoel,40,0.4859380541193887,-1.7650468043088303,2.736922912547608,1.148461662463377,6.634349617461228,4.691451235343322,9.381871970686044,2.729955041382351,2.230034269472549,3.229875813292152,Hujoel,Human enhancer (Villar),200
EUR_300k,Ancient_Sequence_Age_Human_Promoter_w_flanking,Ancient promoter age,Hujoel,40,0.1511731712496138,0.0817717214634675,0.2205746210357601,0.0354089029521154,3.633944148603809,3.427057019691726,3.8533207936994702,1.861536246442829,1.7769701957503297,1.946102297135328,Hujoel,Ancient promoter age,200
EUR,Ancient_Sequence_Age_Human_Promoter_w_flanking,Ancient promoter age,Hujoel,40,0.2947610878115396,0.0238564775474045,0.5656656980756747,0.1382166378898648,8.83382911400222,7.1725626224471375,10.879868315289624,3.1430389244353334,2.842488658978539,3.443589189892128,Hujoel,Ancient promoter age,200
SAS,Ancient_Sequence_Age_Human_Promoter_w_flanking,Ancient promoter age,Hujoel,40,0.1778214664226011,-0.093049203867806,0.4486921367130083,0.1381993215767383,7.787755888837543,6.15815666899668,9.848587011347522,2.961207662758382,2.622498571297865,3.299916754218899,Hujoel,Ancient promoter age,200
AFR,Ancient_Sequence_Age_Human_Promoter_w_flanking,Ancient promoter age,Hujoel,40,-0.3706406257691441,-1.8851006396766627,1.1438193881383745,0.7726836805650605,17.64215667720068,10.47334087907608,29.717899552444766,4.140955029780256,3.3886498142192307,4.893260245341282,Hujoel,Ancient promoter age,200
EUR_300k,Ancient_Sequence_Age_Human_Enhancer_w_flanking,Ancient enhancer age,Hujoel,40,0.0867063452876747,0.038188812248043,0.1352238783273063,0.0247538433875671,2.726742184933956,2.588439793690553,2.8724341826384663,1.44717829904281,1.3720827619484164,1.5222738361372037,Hujoel,Ancient enhancer age,200
EUR,Ancient_Sequence_Age_Human_Enhancer_w_flanking,Ancient enhancer age,Hujoel,40,0.103117914005332,-0.1298845985253285,0.3361204265359927,0.1188788329238064,5.395060932095213,4.203439146714412,6.924492408501049,2.4316392536771816,2.0715701873229126,2.7917083200314505,Hujoel,Ancient enhancer age,200
SAS,Ancient_Sequence_Age_Human_Enhancer_w_flanking,Ancient enhancer age,Hujoel,40,-0.0315261168730174,-0.2721513798393363,0.2090991460933013,0.1227679913093463,4.890585379157579,3.627502869861912,6.593468346929346,2.290007159055421,1.858976755665944,2.7210375624448977,Hujoel,Ancient enhancer age,200
AFR,Ancient_Sequence_Age_Human_Enhancer_w_flanking,Ancient enhancer age,Hujoel,40,-0.6211282284252968,-3.008501272052505,1.766244815201911,1.218047471238371,10.657695106776922,5.93221217759278,19.147404305270275,3.4138235613553407,2.5685701996277674,4.259076923082914,Hujoel,Ancient enhancer age,200
EUR_300k,Human_Enhancer_Villar_Species_Enhancer_Count,Enhancer species count,Hujoel,40,0.0370798151323203,-0.0040844974560862,0.0782441277207269,0.0210022003002074,3.173082098845653,2.997173383496317,3.3593151672358386,1.6658848493567786,1.583602544737376,1.748167153976181,Hujoel,Enhancer species count,200
EUR,Human_Enhancer_Villar_Species_Enhancer_Count,Enhancer species count,Hujoel,40,0.2986698008966534,0.0960984327042286,0.5012411690890783,0.1033527388736861,5.617272416835432,4.466345631677791,7.0647800253396325,2.489869769960766,2.159094899573543,2.820644640347989,Hujoel,Enhancer species count,200
SAS,Human_Enhancer_Villar_Species_Enhancer_Count,Enhancer species count,Hujoel,40,0.0435470165750756,-0.1756297624435134,0.2627237955936647,0.1118248872543821,6.263163944890557,4.824271235512392,8.131222455283583,2.6468916434940084,2.270311022314304,3.0234722646737127,Hujoel,Enhancer species count,200
AFR,Human_Enhancer_Villar_Species_Enhancer_Count,Enhancer species count,Hujoel,40,0.0136524633088024,-0.7997232561332932,0.8270281827508981,0.4149876119602528,8.823310660346463,5.619594590474529,13.853456820700952,3.1413200817557234,2.490466055106567,3.79217410840488,Hujoel,Enhancer species count,200
EUR_300k,Human_Promoter_Villar_ExAC_w_flanking,LoF-intolerant promoter,Hujoel,40,0.0349049708311457,-0.025169310111482,0.0949792517737735,0.0306501433380753,3.72767182219945,3.417592968702407,4.0658841884543175,1.898274853198713,1.7729805839649413,2.0235691224324848,Hujoel,LoF-intolerant promoter,200
EUR,Human_Promoter_Villar_ExAC_w_flanking,LoF-intolerant promoter,Hujoel,40,-0.0416667763581272,-0.2368894418995211,0.1535558891832665,0.0996034007864254,11.413366503235183,8.157343389438267,15.969039026336889,3.5126524887192296,3.028099384683105,3.997205592755354,Hujoel,LoF-intolerant promoter,200
SAS,Human_Promoter_Villar_ExAC_w_flanking,LoF-intolerant promoter,Hujoel,40,-0.0111870585754984,-0.2029548877065275,0.1805807705555305,0.0978407291484842,11.573978474921368,8.600668489272032,15.575182080908384,3.532812961012175,3.1044487980329376,3.961177123991413,Hujoel,LoF-intolerant promoter,200
AFR,Human_Promoter_Villar_ExAC_w_flanking,LoF-intolerant promoter,Hujoel,40,-0.0105847003320379,-0.9681189125920984,0.9469495119280223,0.4885378633979899,25.91402678627907,12.267962419070695,54.73906434829608,4.695661308522246,3.616823747147533,5.774498869896959,Hujoel,LoF-intolerant promoter,200
EUR_300k,Conserved_LindbladToh_w_flanking,Conserved (LindbladToh),Selection/conservation,40,-0.0173724790976635,-0.1128442929219809,0.0780993347266537,0.0487101090940394,1.2881385733071011,1.2629742726219484,1.3138042634842648,0.365287801736136,0.3368252510504292,0.3937503524218429,Selection/conservation,Conserved (LindbladToh),200
EUR,Conserved_LindbladToh_w_flanking,Conserved (LindbladToh),Selection/conservation,40,0.1244034424102421,-0.1262170480319558,0.37502393285244,0.1278675971643867,1.4371681771065126,1.295123552722301,1.5947917594009875,0.5232288955327922,0.3730897352841468,0.6733680557814375,Selection/conservation,Conserved (LindbladToh),200
SAS,Conserved_LindbladToh_w_flanking,Conserved (LindbladToh),Selection/conservation,40,-0.0515864463481352,-0.325678026475067,0.2225051337787965,0.139842642921904,1.3675542379883523,1.226750240349732,1.5245194435883946,0.4515980522683659,0.2948415540646545,0.6083545504720773,Selection/conservation,Conserved (LindbladToh),200
AFR,Conserved_LindbladToh_w_flanking,Conserved (LindbladToh),Selection/conservation,40,-0.9135413474393868,-2.9087025326645937,1.0816198377858202,1.0179393802169423,2.2517945487882463,1.7545425932483374,2.889971841928817,1.1710752035435024,0.8110949710072652,1.5310554360797393,Selection/conservation,Conserved (LindbladToh),200
EUR_300k,GERP.NS,GERP.NS,Selection/conservation,40,0.178817105888189,0.0128179884554013,0.3448162233209768,0.0846934272616264,1.173452507001563,1.1582409252624737,1.1888638677451384,0.2307594530243876,0.2119353789996202,0.2495835270491548,Selection/conservation,GERP.NS,200
EUR,GERP.NS,GERP.NS,Selection/conservation,40,0.0812420994374421,-0.1367187440333883,0.2992029429082725,0.1112045119749135,1.130761197181975,1.0646835815804283,1.200939797676239,0.1772942820970494,0.0904247326933162,0.2641638315007824,Selection/conservation,GERP.NS,200
SAS,GERP.NS,GERP.NS,Selection/conservation,40,0.2095636186444903,-0.013547211734232,0.4326744490232126,0.1138320563156746,1.2483976903815674,1.1740343801828867,1.3274711709100504,0.3200775932908268,0.2314746566533387,0.4086805299283149,Selection/conservation,GERP.NS,200
AFR,GERP.NS,GERP.NS,Selection/conservation,40,1.0106954582962653,-2.507561781636417,4.528952698228947,1.7950292040472868,1.3627065532831717,1.1460340299848435,1.6203438133381265,0.4464749240634224,0.1966498836772468,0.696299964449598,Selection/conservation,GERP.NS,200
EUR_300k,GERP.RSsup4,GERP.RS>4,Selection/conservation,40,0.1095326244523915,0.0562379813187687,0.1628272675860143,0.0271911444559299,2.2036137256820147,2.083682402848096,2.3304479825605044,1.1398713541799654,1.0591353972164053,1.2206073111435258,Selection/conservation,GERP.RS>4,200
EUR,GERP.RSsup4,GERP.RS>4,Selection/conservation,40,0.0496945200843713,-0.1364901844679704,0.235879224636713,0.0949921962001743,4.631314535552379,3.320298432432905,6.459983873046684,2.211421740948336,1.731312918572613,2.6915305633240587,Selection/conservation,GERP.RS>4,200
SAS,GERP.RSsup4,GERP.RS>4,Selection/conservation,40,0.1652980017809454,-0.0413439940437511,0.371939997605642,0.1054295897064778,4.34353278491782,3.230698002135837,5.839690692594396,2.1188689270066727,1.6918458972501302,2.5458919567632154,Selection/conservation,GERP.RS>4,200
AFR,GERP.RSsup4,GERP.RS>4,Selection/conservation,40,0.2646440442145669,-0.6826131104081818,1.2119011988373156,0.4832944666442595,15.962813933447196,7.715765454758152,33.02477637091976,3.996643087925703,2.947809288747274,5.045476887104131,Selection/conservation,GERP.RS>4,200
EUR_300k,Backgrd_Selection_Stat,Background selection,Selection/conservation,40,0.2447457408657752,0.127178166185251,0.3623133155462993,0.0599834564696551,1.3397766048819462,1.3152073400656603,1.364804845827108,0.421992464939035,0.3952902557188959,0.4486946741591739,Selection/conservation,Background selection,200
EUR,Backgrd_Selection_Stat,Background selection,Selection/conservation,40,0.18546840176207,0.0188228324388556,0.3521139710852843,0.0850232496547011,1.376285769554065,1.2796173673941662,1.4802569641066436,0.4607800598024755,0.3557124784379052,0.5658476411670458,Selection/conservation,Background selection,200
SAS,Backgrd_Selection_Stat,Background selection,Selection/conservation,40,0.0036315794432929,-0.1076800326241535,0.1149431915107394,0.0567916388099217,1.266261978291542,1.1789149435455837,1.3600806457203176,0.3405759163630926,0.2374596343893121,0.4436921983368729,Selection/conservation,Background selection,200
AFR,Backgrd_Selection_Stat,Background selection,Selection/conservation,40,-0.0508119275403147,-1.2603407562723463,1.1587169011917169,0.6171065452714447,1.189051348445629,1.0223538740534277,1.3829292822403711,0.2498110183201466,0.0318946522195934,0.4677273844206998,Selection/conservation,Background selection,200
EUR_300k,CpG_Content_50kb,CpG content (50 kb),Selection/conservation,40,0.1429062538431955,0.0450963427245701,0.2407161649618209,0.0499030158768496,1.1460123972717216,1.1324313901518477,1.1597562785012274,0.1966226508886158,0.1794236453389402,0.2138216564382915,Selection/conservation,CpG content (50 kb),200
EUR,CpG_Content_50kb,CpG content (50 kb),Selection/conservation,40,0.0566167228970495,-0.1468070755353082,0.2600405213294073,0.103787652261407,1.1969002181868724,1.1481475029786097,1.2477230744127417,0.2593028843387832,0.1993079975413034,0.3192977711362632,Selection/conservation,CpG content (50 kb),200
SAS,CpG_Content_50kb,CpG content (50 kb),Selection/conservation,40,0.0842459023681824,-0.0877173828635115,0.2562091875998765,0.0877363700161704,1.1427413703855225,1.0902537488470163,1.197755881116276,0.1924989242151742,0.124663951147518,0.2603338972828303,Selection/conservation,CpG content (50 kb),200
AFR,CpG_Content_50kb,CpG content (50 kb),Selection/conservation,40,0.2872993577401619,-1.2680703552713732,1.842669070751697,0.7935559760262935,1.2533625658207663,1.1439946364549178,1.3731862644643802,0.3258038099100836,0.194080288149492,0.4575273316706751,Selection/conservation,CpG content (50 kb),200
EUR_300k,Conserved_Vertebrate_phastCons46way_w_flanking,phastCons vertebrate,Selection/conservation,40,-0.0027412037266542,-0.1044373628604556,0.0989549554071471,0.0518857954764293,1.2475470700017244,1.2267388217982855,1.2687082728729395,0.3190942495320484,0.2948281254435123,0.3433603736205846,Selection/conservation,phastCons vertebrate,200
EUR,Conserved_Vertebrate_phastCons46way_w_flanking,phastCons vertebrate,Selection/conservation,40,-0.2708987143712677,-0.6201880635350947,0.0783906347925592,0.1782088516141974,1.2349500420004214,1.1081289417288192,1.376285329988308,0.3044526809872407,0.1481257629479962,0.4607795990264851,Selection/conservation,phastCons vertebrate,200
SAS,Conserved_Vertebrate_phastCons46way_w_flanking,phastCons vertebrate,Selection/conservation,40,0.1466949138213992,-0.2450522976066529,0.5384421252494513,0.1998710262388021,1.4066433836536374,1.272012921457237,1.55552319901734,0.4922566186624211,0.347113325989873,0.6373999113349693,Selection/conservation,phastCons vertebrate,200
AFR,Conserved_Vertebrate_phastCons46way_w_flanking,phastCons vertebrate,Selection/conservation,40,-0.2663011985725488,-5.26252236270126,4.729919965556162,2.5490924306779137,1.9935098906149795,1.4597886276125225,2.7223678886164087,0.9953107631510372,0.5457594869329025,1.444862039369172,Selection/conservation,phastCons vertebrate,200
EUR_300k,Conserved_Mammal_phastCons46way_w_flanking,phastCons mammal,Selection/conservation,40,0.0116065373936409,-0.1155956380903202,0.1388087128776022,0.06489906912447,1.291885564082216,1.267490503022875,1.31675015055628,0.3694782809892507,0.3419749375298926,0.3969816244486088,Selection/conservation,phastCons mammal,200
EUR,Conserved_Mammal_phastCons46way_w_flanking,phastCons mammal,Selection/conservation,40,0.1322339605028721,-0.2746027181259766,0.539070639131721,0.2075697339943106,1.3877324221618117,1.2474179596446189,1.5438300055161431,0.4727294191880616,0.3189449353173187,0.6265139030588043,Selection/conservation,phastCons mammal,200
SAS,Conserved_Mammal_phastCons46way_w_flanking,phastCons mammal,Selection/conservation,40,-0.2229181934183681,-0.653688743780135,0.2078523569433987,0.2197808930417178,1.4663028716798203,1.307184172432262,1.6447905022411082,0.5521831296246686,0.3864624203498102,0.717903838899527,Selection/conservation,phastCons mammal,200
AFR,Conserved_Mammal_phastCons46way_w_flanking,phastCons mammal,Selection/conservation,40,0.7679013020430757,-5.807656924346107,7.343459528432259,3.35487664611693,2.237117024377268,1.5869041494588956,3.1537459792168976,1.1616407262552704,0.6662149906327988,1.6570664618777422,Selection/conservation,phastCons mammal,200
EUR_300k,Conserved_Primate_phastCons46way_w_flanking,phastCons primate,Selection/conservation,40,0.1514268004160804,0.0828479887260915,0.2200056121060693,0.0349891896377494,1.510284432753746,1.4751352716090953,1.546271119481949,0.5948202787425183,0.5608472573431844,0.6287933001418522,Selection/conservation,phastCons primate,200
EUR,Conserved_Primate_phastCons46way_w_flanking,phastCons primate,Selection/conservation,40,0.0362290299835987,-0.1779088966711599,0.2503669566383573,0.1092540442116115,1.648649394602537,1.4265933603943668,1.905269505510621,0.7212846247011179,0.5125741641440292,0.9299950852582064,Selection/conservation,phastCons primate,200
SAS,Conserved_Primate_phastCons46way_w_flanking,phastCons primate,Selection/conservation,40,0.2070966993966213,-0.0226563245307098,0.4368497233239526,0.117220930575169,1.837749351176048,1.5874708985483708,2.127486356339701,0.8779400122885346,0.6667301447006933,1.089149879876376,Selection/conservation,phastCons primate,200
AFR,Conserved_Primate_phastCons46way_w_flanking,phastCons primate,Selection/conservation,40,-1.0922370295045631,-4.411996591360887,2.2275225323517605,1.6937548784981242,4.022786078784362,2.818976859846176,5.740667142810215,2.008195021263896,1.495171635296704,2.521218407231088,Selection/conservation,phastCons primate,200
EUR_300k,GTEx_eQTL_MaxCPP,GTEx eQTL MaxCPP,Molecular QTL,40,0.1343845908657561,0.074447605340414,0.1943215763910981,0.0305800946557867,3.8033751620199054,3.56164520499898,4.061511405674697,1.9272802523239616,1.8325438088364163,2.022016695811507,Molecular QTL,GTEx eQTL MaxCPP,200
EUR,GTEx_eQTL_MaxCPP,GTEx eQTL MaxCPP,Molecular QTL,40,-0.0180133859352657,-0.1919107838703922,0.1558840119998606,0.0887231622117992,8.028645525796788,5.815192115351065,11.084612116035888,3.005156618123716,2.5398268545163623,3.47048638173107,Molecular QTL,GTEx eQTL MaxCPP,200
SAS,GTEx_eQTL_MaxCPP,GTEx eQTL MaxCPP,Molecular QTL,40,0.0565902081188226,-0.1063968421253075,0.2195772583629528,0.0831566582878215,7.359984452716836,5.511330626202918,9.828728272387108,2.8797027187263087,2.462400677429099,3.297004760023518,Molecular QTL,GTEx eQTL MaxCPP,200
AFR,GTEx_eQTL_MaxCPP,GTEx eQTL MaxCPP,Molecular QTL,40,-0.1072829162071157,-1.9336960950056528,1.719130262591421,0.931843458570682,9.19163982596511,5.10155340849665,16.56088566073931,3.200322267144761,2.3509366105148137,4.049707923774708,Molecular QTL,GTEx eQTL MaxCPP,200
EUR_300k,BLUEPRINT_H3K27acQTL_MaxCPP,BLUEPRINT H3K27ac QTL,Molecular QTL,40,0.00014774218513,-0.0332777337372457,0.0335732181075059,0.0170538142461101,1.96083778451258,1.853391346901804,2.0745132017581995,0.9714701897068798,0.8901675411723898,1.05277283824137,Molecular QTL,BLUEPRINT H3K27ac QTL,200
EUR,BLUEPRINT_H3K27acQTL_MaxCPP,BLUEPRINT H3K27ac QTL,Molecular QTL,40,0.1100217280961379,-0.0760711777989859,0.2961146339912619,0.0949453601505734,4.554113902556571,3.5361635464140964,5.8651001757231285,2.187170375049088,1.8221850004488689,2.552155749649307,Molecular QTL,BLUEPRINT H3K27ac QTL,200
SAS,BLUEPRINT_H3K27acQTL_MaxCPP,BLUEPRINT H3K27ac QTL,Molecular QTL,40,-0.0538121128213694,-0.2339732675886065,0.1263490419458676,0.0919189565138964,3.424152403917255,2.5220090480431505,4.648999849683216,1.775746915372958,1.3345734515359058,2.216920379210011,Molecular QTL,BLUEPRINT H3K27ac QTL,200
AFR,BLUEPRINT_H3K27acQTL_MaxCPP,BLUEPRINT H3K27ac QTL,Molecular QTL,40,-0.1388760099363313,-1.3033769822364785,1.0256249623638158,0.5941331491327282,5.941433629048069,3.061758954401248,11.529527338407547,2.57081108590242,1.6143607070772186,3.5272614647276206,Molecular QTL,BLUEPRINT H3K27ac QTL,200
EUR_300k,BLUEPRINT_H3K4me1QTL_MaxCPP,BLUEPRINT H3K4me1 QTL,Molecular QTL,40,0.0216628097612333,-0.0191915106781192,0.0625171302005858,0.0208440410404859,2.1901318436724595,2.0515656517101384,2.338057029113217,1.1310177211904149,1.036725322342143,1.225310120038687,Molecular QTL,BLUEPRINT H3K4me1 QTL,200
EUR,BLUEPRINT_H3K4me1QTL_MaxCPP,BLUEPRINT H3K4me1 QTL,Molecular QTL,40,-0.0779886829307569,-0.2466832060602631,0.0907058401987491,0.086068634249748,3.772543473875517,2.51193096945336,5.665794337245623,1.9155375261153071,1.3287968179732836,2.5022782342573304,Molecular QTL,BLUEPRINT H3K4me1 QTL,200
SAS,BLUEPRINT_H3K4me1QTL_MaxCPP,BLUEPRINT H3K4me1 QTL,Molecular QTL,40,-0.1300030498132992,-0.3154995381740957,0.0554934385474972,0.0946410654902022,4.323443726971338,2.826410293681695,6.613394276858268,2.1121809116095056,1.4989709085927214,2.7253909146262894,Molecular QTL,BLUEPRINT H3K4me1 QTL,200
AFR,BLUEPRINT_H3K4me1QTL_MaxCPP,BLUEPRINT H3K4me1 QTL,Molecular QTL,40,0.8124722759491375,-1.301958792168621,2.926903344066896,1.0787913612845708,9.205687791835247,5.498154158593827,15.413297858934223,3.202525514818059,2.4589473580551022,3.946103671581016,Molecular QTL,BLUEPRINT H3K4me1 QTL,200
EUR_300k,BLUEPRINT_DNA_methylation_MaxCPP,BLUEPRINT methylation QTL,Molecular QTL,40,-0.0232847353415868,-0.0651589272341754,0.0185894565510016,0.0213643836186676,1.7767595947740218,1.7012868336929916,1.855580490662414,0.8292484900945863,0.7666263971214587,0.8918705830677138,Molecular QTL,BLUEPRINT methylation QTL,200
EUR,BLUEPRINT_DNA_methylation_MaxCPP,BLUEPRINT methylation QTL,Molecular QTL,40,-0.0479609180132371,-0.2236145629656374,0.127692726939163,0.0896192066083674,2.846013653962241,2.1951656583358106,3.689832559006088,1.50894258331779,1.1343298169549214,1.8835553496806587,Molecular QTL,BLUEPRINT methylation QTL,200
SAS,BLUEPRINT_DNA_methylation_MaxCPP,BLUEPRINT methylation QTL,Molecular QTL,40,0.0217353050167276,-0.1559607622651516,0.1994313722986068,0.0906612588172853,2.3227677372360302,1.7918675935461803,3.010964638557453,1.215844900556359,0.8414640362840597,1.590225764828658,Molecular QTL,BLUEPRINT methylation QTL,200
AFR,BLUEPRINT_DNA_methylation_MaxCPP,BLUEPRINT methylation QTL,Molecular QTL,40,-0.2254266446157112,-2.599062423981201,2.148209134749779,1.2110386629415766,9.681954415477309,6.58130605742192,14.24341012034641,3.2752983017261754,2.718373914597261,3.8322226888550897,Molecular QTL,BLUEPRINT methylation QTL,200
EUR_300k,Coding_UCSC_w_flanking,Coding,Coding/gene model,40,-0.1981927727558364,-0.284804574126934,-0.1115809713847388,0.0441896945770906,1.5976841436316895,1.5381450684978626,1.6595278788007717,0.6759822208711426,0.6211915759477782,0.7307728657945071,Coding/gene model,Coding,200
EUR,Coding_UCSC_w_flanking,Coding,Coding/gene model,40,0.1089233901414034,-0.1931256565816365,0.4109724368644433,0.1541066564913469,2.7850883077997017,2.3755477654380583,3.265232968621132,1.4777230723426509,1.2482602154912563,1.7071859291940452,Coding/gene model,Coding,200
SAS,Coding_UCSC_w_flanking,Coding,Coding/gene model,40,0.0438903750693332,-0.2479729617363646,0.335753711875031,0.1489098657171927,2.363641720928045,2.0065498215531,2.78428281466115,1.2410113694354568,1.004716977904722,1.477305760966192,Coding/gene model,Coding,200
AFR,Coding_UCSC_w_flanking,Coding,Coding/gene model,40,1.033226910944233,-0.6176095542308373,2.684063376119303,0.842263502640342,6.093246345279023,4.174609227733382,8.89368297698483,2.6072110685889327,2.061641157683336,3.1527809794945294,Coding/gene model,Coding,200
EUR_300k,Intron_UCSC_w_flanking,Intron UCSC + flank,Coding/gene model,40,-0.0055766886248237,-0.0868097711504665,0.075656393900819,0.041445450268185,1.2457912528499706,1.2254224891348664,1.266498582683259,0.3170623478899393,0.2932792332237229,0.3408454625561561,Coding/gene model,Intron UCSC + flank,200
EUR,Intron_UCSC_w_flanking,Intron UCSC + flank,Coding/gene model,40,-0.0458803962350566,-0.2048222244362311,0.1130614319661177,0.0810927694903951,1.402224599050092,1.279995956353602,1.5361250294747135,0.4877174491945032,0.3561392526019784,0.6192956457870282,Coding/gene model,Intron UCSC + flank,200
SAS,Intron_UCSC_w_flanking,Intron UCSC + flank,Coding/gene model,40,-0.0545305500613937,-0.1892446636953327,0.0801835635725452,0.0687316906295607,1.3156142065899004,1.1902948867507472,1.4541276786511297,0.3957364922355846,0.2513190348355738,0.5401539496355956,Coding/gene model,Intron UCSC + flank,200
AFR,Intron_UCSC_w_flanking,Intron UCSC + flank,Coding/gene model,40,0.0684693544998979,-0.4744005736669977,0.6113392826667937,0.2769744531463753,1.470311048185046,1.1757290412765995,1.838701352539292,0.5561213932955293,0.2335556147255,0.8786871718655591,Coding/gene model,Intron UCSC + flank,200
EUR_300k,PromoterFlanking_Hoffman_w_flanking,Promoter flank,Coding/gene model,40,-0.0379364529499359,-0.0861884978647038,0.010315591964832,0.0246183902626366,1.624716979282442,1.5356434368495198,1.718957148141241,0.700188426973692,0.6188432736076759,0.7815335803397084,Coding/gene model,Promoter flank,200
EUR,PromoterFlanking_Hoffman_w_flanking,Promoter flank,Coding/gene model,40,-0.1554855755028142,-0.3569653313739805,0.0459941803683521,0.1027957938118195,3.382903964551378,2.5014978100803,4.574874775928775,1.758262221816481,1.3227921893333443,2.1937322542996176,Coding/gene model,Promoter flank,200
SAS,PromoterFlanking_Hoffman_w_flanking,Promoter flank,Coding/gene model,40,-0.2332142158240025,-0.4277832338941313,-0.0386451977538737,0.0992699071786371,3.9019100351665768,2.812776854265039,5.412765644543746,1.9641805146677744,1.491995104016013,2.436365925319535,Coding/gene model,Promoter flank,200
AFR,PromoterFlanking_Hoffman_w_flanking,Promoter flank,Coding/gene model,40,-0.7222189966343502,-3.169747961514151,1.725309968245451,1.248739267795817,6.482534716403768,2.4332081895531674,17.27071959144491,2.696558027272082,1.282859765071305,4.110256289472859,Coding/gene model,Promoter flank,200
EUR_300k,Promoter_UCSC_w_flanking,Promoter,Coding/gene model,40,-0.1456734175285116,-0.2706150354324866,-0.0207317996245365,0.0637457234203954,1.5857723099155108,1.4989747700348603,1.6775958269372957,0.6651856393034059,0.583976100796171,0.7463951778106405,Coding/gene model,Promoter,200
EUR,Promoter_UCSC_w_flanking,Promoter,Coding/gene model,40,-0.2418922700695796,-0.468889505907887,-0.0148950342312722,0.1158149162440343,2.6465251312524085,2.101253620743535,3.3332936115879988,1.4040993537880442,1.0712503054218194,1.7369484021542685,Coding/gene model,Promoter,200
SAS,Promoter_UCSC_w_flanking,Promoter,Coding/gene model,40,-0.1740024012562014,-0.371096448583844,0.023091646071441,0.1005581874120625,2.686664797953678,2.1901660360924646,3.2957171363325544,1.425816334564134,1.1310402444233696,1.7205924247048987,Coding/gene model,Promoter,200
AFR,Promoter_UCSC_w_flanking,Promoter,Coding/gene model,40,0.2069327699244166,-1.5457688998408934,1.9596344396897265,0.8942355457986275,6.065604850179732,4.094163061674106,8.98634510748573,2.6006515152296505,2.033568562933824,3.167734467525478,Coding/gene model,Promoter,200
EUR_300k,TSS_Hoffman_w_flanking,TSS + flank,Coding/gene model,40,0.014211517170688,-0.0403120241868359,0.0687350585282121,0.0278181333456755,2.417651070648525,2.311828436127312,2.528317676202369,1.2736060415390862,1.2090343374872594,1.3381777455909134,Coding/gene model,TSS + flank,200
EUR,TSS_Hoffman_w_flanking,TSS + flank,Coding/gene model,40,0.1187991690245426,-0.1088158403735331,0.3464141784226183,0.1161301068357529,3.895764844459892,3.164110556812863,4.796603484872234,1.9619065963190083,1.6618000097282428,2.2620131829097745,Coding/gene model,TSS + flank,200
SAS,TSS_Hoffman_w_flanking,TSS + flank,Coding/gene model,40,0.201034854797154,-0.0370182317450035,0.4390879413393116,0.1214556563990599,4.570515241128655,3.7885275087449743,5.513912600916926,2.1923568116555354,1.921637223431779,2.463076399879292,Coding/gene model,TSS + flank,200
AFR,TSS_Hoffman_w_flanking,TSS + flank,Coding/gene model,40,-0.169143877919573,-1.133523198288355,0.7952354424492086,0.4920302654942763,11.07433670759969,7.047854629751508,17.40117240721436,3.46914838668676,2.817184167291884,4.1211126060816365,Coding/gene model,TSS + flank,200
EUR_300k,UTR_3_UCSC_w_flanking,UTR 3 UCSC + flank,Coding/gene model,40,0.0656640451412148,-0.0031780621003522,0.1345061523827819,0.0351235241028403,1.8349071930972305,1.7292232824412048,1.9470501244505616,0.8757070955238775,0.7901241660725352,0.9612900249752198,Coding/gene model,UTR 3 UCSC + flank,200
EUR,UTR_3_UCSC_w_flanking,UTR 3 UCSC + flank,Coding/gene model,40,0.254300341154845,0.0413844473718979,0.4672162349377922,0.108630558052524,3.810442350094695,3.1433425052663164,4.619118304502116,1.9299584883338008,1.652299479813232,2.2076174968543696,Coding/gene model,UTR 3 UCSC + flank,200
SAS,UTR_3_UCSC_w_flanking,UTR 3 UCSC + flank,Coding/gene model,40,0.0100831669592381,-0.1907086430110869,0.2108749769295632,0.1024448010052679,4.735438620724501,3.731247585885301,6.009887688899799,2.24349806173099,1.899658092955016,2.5873380305069635,Coding/gene model,UTR 3 UCSC + flank,200
AFR,UTR_3_UCSC_w_flanking,UTR 3 UCSC + flank,Coding/gene model,40,0.4457266557142527,-0.2457640482660276,1.137217359694533,0.3528013795817757,7.201889738584503,4.5718547603737765,11.34489578634128,2.848375511939323,2.192779572446364,3.503971451432282,Coding/gene model,UTR 3 UCSC + flank,200
EUR_300k,UTR_5_UCSC_w_flanking,UTR 5 UCSC + flank,Coding/gene model,40,0.0610412387987275,-0.0092287380879273,0.1313112156853824,0.0358520290238035,1.9079251013237963,1.8080427257489249,2.0133253160561178,0.9320045371350096,0.854428770395677,1.009580303874342,Coding/gene model,UTR 5 UCSC + flank,200
EUR,UTR_5_UCSC_w_flanking,UTR 5 UCSC + flank,Coding/gene model,40,0.0510143223654722,-0.1720220212413647,0.2740506659723092,0.1137940528606311,4.017625196048051,3.1802537866290312,5.07547928526466,2.0063429814370024,1.6691418982460355,2.3435440646279693,Coding/gene model,UTR 5 UCSC + flank,200
SAS,UTR_5_UCSC_w_flanking,UTR 5 UCSC + flank,Coding/gene model,40,0.2169541876736695,-0.0005084889080899,0.434416864255429,0.1109503451947752,4.299905476583393,3.524718598098883,5.245578219357516,2.1043049458697944,1.8175080820978868,2.391101809641702,Coding/gene model,UTR 5 UCSC + flank,200
AFR,UTR_5_UCSC_w_flanking,UTR 5 UCSC + flank,Coding/gene model,40,-9.306454018027476e-19,-0.0206776894882316,0.0206776894882316,0.0105498415756284,5.701368373537457,3.695814705003868,8.795246495113217,2.511308219065506,1.885892426972247,3.136724011158764,Coding/gene model,UTR 5 UCSC + flank,200
EUR_300k,synonymous,Synonymous,Coding/gene model,40,-0.087266054664167,-0.1340969824834009,-0.040435126844933,0.0238933305200173,1.412221115357377,1.2304188635579132,1.6208858119212042,0.4979659930387919,0.2991495265470016,0.6967824595305819,Coding/gene model,Synonymous,200
EUR,synonymous,Synonymous,Coding/gene model,40,-0.1929016119898053,-0.3807324660408827,-0.005070757938728,0.0958320683934068,5.870545928402791,3.902095726508583,8.832000010497637,2.5534946722580942,1.964249170685332,3.1427401738308567,Coding/gene model,Synonymous,200
SAS,synonymous,Synonymous,Coding/gene model,40,-0.2536959789432522,-0.4351028615241693,-0.0722890963623351,0.0925545319290393,5.149437741450402,2.864511190959933,9.256975199383929,2.364414915421174,1.5182889740455026,3.210540856796845,Coding/gene model,Synonymous,200
AFR,synonymous,Synonymous,Coding/gene model,40,-0.9230781272356828,-3.544075718592075,1.697919464120709,1.3372436690593836,20.51117192491776,9.79249834355596,42.96229204985111,4.358338018785356,3.2916769791378493,5.424999058432864,Coding/gene model,Synonymous,200
EUR_300k,non_synonymous,Nonsynonymous,Coding/gene model,40,-0.0822776290168322,-0.1806746376146376,0.0161193795809731,0.0502025554070435,1.6928941894300815,1.5562477562457846,1.8415388713681853,0.7594918036204458,0.6380717571451118,0.8809118500957797,Coding/gene model,Nonsynonymous,200
EUR,non_synonymous,Nonsynonymous,Coding/gene model,40,-0.2267851321849488,-0.4489117939980163,-0.0046584703718813,0.1133299294964629,4.150978221013153,3.107341467578681,5.545132509930445,2.0534513625561326,1.6356807887766185,2.4712219363356467,Coding/gene model,Nonsynonymous,200
SAS,non_synonymous,Nonsynonymous,Coding/gene model,40,-0.0744747837289194,-0.2885310423462929,0.139581474888454,0.1092123768455987,4.0237577501119,3.1485655915809576,5.142223009385025,2.0085434504633723,1.6546947221909576,2.362392178735787,Coding/gene model,Nonsynonymous,200
AFR,non_synonymous,Nonsynonymous,Coding/gene model,40,-0.3622018706649088,-1.5046344680222952,0.7802307266924775,0.5828737741619319,24.02157886905968,14.67823173951938,39.31238187286916,4.586259073229139,3.875606274629722,5.2969118718285575,Coding/gene model,Nonsynonymous,200
EUR_300k,CTCF_Hoffman_w_flanking,CTCF Hoffman + flank,Regulatory,40,-0.0316988948300518,-0.0697682513549119,0.0063704616948081,0.0194231410841122,1.1620436385602455,1.1077745698530204,1.218971309386077,0.2166642477031296,0.1476643253903303,0.2856641700159288,Regulatory,CTCF Hoffman + flank,200
EUR,CTCF_Hoffman_w_flanking,CTCF Hoffman + flank,Regulatory,40,0.0855320704545863,-0.0999991263479485,0.2710632672571211,0.0946587738788443,2.325188340953153,1.8736237203440835,2.885585169636727,1.2173475796848288,0.9058312457927956,1.5288639135768618,Regulatory,CTCF Hoffman + flank,200
SAS,CTCF_Hoffman_w_flanking,CTCF Hoffman + flank,Regulatory,40,-0.1501283481660077,-0.3131248795904805,0.0128681832584651,0.083161495624731,2.717649764157579,1.9665472195595408,3.755628223501264,1.4423595414361756,0.975664827830026,1.9090542550423253,Regulatory,CTCF Hoffman + flank,200
AFR,CTCF_Hoffman_w_flanking,CTCF Hoffman + flank,Regulatory,40,0.3090887406588225,-0.8461803171535827,1.4643577984712275,0.5894229886797986,4.963178238608316,2.929822278559476,8.407724389448862,2.3112642659062312,1.5508131541979588,3.071715377614504,Regulatory,CTCF Hoffman + flank,200
EUR_300k,DHS_peaks_Trynka,DHS peaks,Regulatory,40,0.0138797174126428,-0.0255576701865349,0.0533171050118206,0.0201211161220295,1.4011654332686587,1.3663602888262203,1.43685716530411,0.4866273024254528,0.4503379509536441,0.5229166538972614,Regulatory,DHS peaks,200
EUR,DHS_peaks_Trynka,DHS peaks,Regulatory,40,-0.1071532451746856,-0.2931360082064835,0.0788295178571122,0.0948891648121418,1.7478346415573134,1.4033961108575692,2.1768094628401222,0.8055687013775518,0.4889222694806167,1.1222151332744867,Regulatory,DHS peaks,200
SAS,DHS_peaks_Trynka,DHS peaks,Regulatory,40,-0.0084716094426596,-0.2082232533222095,0.1912800344368902,0.1019141040201785,1.8727460143097527,1.5165663599396746,2.312577759045489,0.905155251560544,0.6008086269177585,1.2095018762033296,Regulatory,DHS peaks,200
AFR,DHS_peaks_Trynka,DHS peaks,Regulatory,40,-0.5468682880805674,-1.680720129561731,0.5869835534005957,0.5784958374903894,4.322614337204282,2.8220362325782102,6.621103759228993,2.111904125009488,1.4967365110483355,2.7270717389706407,Regulatory,DHS peaks,200
EUR_300k,DHS_Trynka_w_flanking,DHS + flank,Regulatory,40,-0.0348616543019033,-0.1021042464953659,0.0323809378915593,0.0343074449966646,1.1655246711486484,1.1493717385486144,1.1819046123159114,0.2209795429198895,0.2008454808589283,0.2411136049808508,Regulatory,DHS + flank,200
EUR,DHS_Trynka_w_flanking,DHS + flank,Regulatory,40,-0.0455529430924458,-0.2936848359082185,0.2025789497233268,0.1265979044978432,1.265026558918531,1.161549204661108,1.3777222595026943,0.3391676742617446,0.2160502697876956,0.4622850787357933,Regulatory,DHS + flank,200
SAS,DHS_Trynka_w_flanking,DHS + flank,Regulatory,40,0.0615052756449306,-0.2134569600610324,0.3364675113508937,0.140286854952022,1.3016258923154942,1.1913781415472884,1.4220757494725773,0.3803148549119712,0.252631395022876,0.5079983148010664,Regulatory,DHS + flank,200
AFR,DHS_Trynka_w_flanking,DHS + flank,Regulatory,40,0.1996564573428921,-5.862424124341045,6.26173703902683,3.0928982559611926,1.8249231436609703,1.3261287542808038,2.511328156876876,0.8678357064069024,0.4072208539909976,1.3284505588228075,Regulatory,DHS + flank,200
EUR_300k,Enhancer_Andersson_w_flanking,Enhancer Andersson + flank,Regulatory,40,-0.0397811572967701,-0.0728365545097148,-0.0067257600838253,0.016864998578033,1.4945160532086748,1.39922874866573,1.5962924113932904,0.5796783936772053,0.4846318364043629,0.6747249509500476,Regulatory,Enhancer Andersson + flank,200
EUR,Enhancer_Andersson_w_flanking,Enhancer Andersson + flank,Regulatory,40,-0.1662780913182193,-0.3509635421261059,0.0184073594896673,0.0942272708203503,2.7782261985518453,1.7515919034122838,4.406586257497145,1.474164065929743,0.808666686180923,2.1396614456785628,Regulatory,Enhancer Andersson + flank,200
SAS,Enhancer_Andersson_w_flanking,Enhancer Andersson + flank,Regulatory,40,0.0344537100763902,-0.1333066598822901,0.2022140800350707,0.0855920254891226,3.609283772620875,2.555405317617414,5.097793786955998,1.851712576667796,1.3535521378713322,2.34987301546426,Regulatory,Enhancer Andersson + flank,200
AFR,Enhancer_Andersson_w_flanking,Enhancer Andersson + flank,Regulatory,40,0.2495536312210609,-0.5254370566111253,1.024544319053247,0.3954034121592786,9.943272070168227,5.811314618233695,17.013131443817425,3.313720683035768,2.538864562712319,4.088576803359217,Regulatory,Enhancer Andersson + flank,200
EUR_300k,Enhancer_Hoffman_w_flanking,Enhancer Hoffman + flank,Regulatory,40,-0.0165961695131071,-0.0761742252361466,0.0429818862099323,0.0303969672056324,1.7341522002767096,1.6767396333634426,1.793530607785608,0.7942305242508317,0.7456586824514352,0.8428023660502283,Regulatory,Enhancer Hoffman + flank,200
EUR,Enhancer_Hoffman_w_flanking,Enhancer Hoffman + flank,Regulatory,40,-0.098272845151674,-0.3039765150537901,0.1074308247504418,0.1049508519908754,2.3160437797357933,1.9173103817231345,2.7976997573194424,1.211662524575318,0.939083905042632,1.4842411441080043,Regulatory,Enhancer Hoffman + flank,200
SAS,Enhancer_Hoffman_w_flanking,Enhancer Hoffman + flank,Regulatory,40,-0.046441466045266,-0.2823046862327103,0.1894217541421781,0.1203383776466552,2.3499115435427704,1.917152580297747,2.8803572126835872,1.2326064512183457,0.9389651612517884,1.5262477411849031,Regulatory,Enhancer Hoffman + flank,200
AFR,Enhancer_Hoffman_w_flanking,Enhancer Hoffman + flank,Regulatory,40,1.190447540232061,-1.9622295963827887,4.343124676846911,1.6085087431708416,5.256686286304984,3.610735692650111,7.652941966612277,2.3941536389050446,1.8522928182763565,2.9360144595337325,Regulatory,Enhancer Hoffman + flank,200
EUR_300k,FetalDHS_Trynka_w_flanking,FetalDHS Trynka + flank,Regulatory,40,-0.0134830154416972,-0.0714922703616224,0.0445262394782279,0.0295965586326148,1.2825846544404922,1.2586569525042084,1.3069672340293508,0.3590540511819646,0.3318851294753516,0.3862229728885781,Regulatory,FetalDHS Trynka + flank,200
EUR,FetalDHS_Trynka_w_flanking,FetalDHS Trynka + flank,Regulatory,40,0.0278401072423099,-0.1862761663796373,0.2419563808642572,0.1092429967458914,1.4909872421009416,1.3280284781522809,1.6739422329261695,0.5762679129959699,0.4092860840707948,0.7432497419211452,Regulatory,FetalDHS Trynka + flank,200
SAS,FetalDHS_Trynka_w_flanking,FetalDHS Trynka + flank,Regulatory,40,-0.0836020115472043,-0.3302089924640642,0.1630049693696555,0.1258198882228877,1.496278435674134,1.3211563427095427,1.69461333582353,0.581378664790324,0.4018012020165193,0.7609561275641287,Regulatory,FetalDHS Trynka + flank,200
AFR,FetalDHS_Trynka_w_flanking,FetalDHS Trynka + flank,Regulatory,40,-0.173621831951193,-1.6340435635422883,1.2867998996399024,0.7451131283628039,2.5919520489852954,1.5155822095729057,4.432762130489959,1.3740390286658182,0.5998721102063012,2.148205947125335,Regulatory,FetalDHS Trynka + flank,200
EUR_300k,H3K27ac_Hnisz_w_flanking,H3K27ac Hnisz + flank,Regulatory,40,0.0394502549325731,-0.0256516443821448,0.1045521542472911,0.0332152547524071,1.3434172971560778,1.318980768130878,1.3683065575365996,0.4259075095495711,0.3994235290136529,0.4523914900854894,Regulatory,H3K27ac Hnisz + flank,200
EUR,H3K27ac_Hnisz_w_flanking,H3K27ac Hnisz + flank,Regulatory,40,-0.0453286085814401,-0.2892413623744999,0.1985841452116196,0.1244452825474795,1.441899767461838,1.326039525954267,1.5678830824521035,0.5279708802433144,0.4071237792576865,0.6488179812289424,Regulatory,H3K27ac Hnisz + flank,200
SAS,H3K27ac_Hnisz_w_flanking,H3K27ac Hnisz + flank,Regulatory,40,0.0437630949709106,-0.1896446000638748,0.2771707900056961,0.119085558691217,1.4048321824678172,1.2851887953975474,1.5356136530017066,0.4903978002100735,0.3619803081948712,0.6188152922252759,Regulatory,H3K27ac Hnisz + flank,200
AFR,H3K27ac_Hnisz_w_flanking,H3K27ac Hnisz + flank,Regulatory,40,-0.8413363965795428,-2.22329346268195,0.5406206695228644,0.7050801357665343,1.89725861794728,1.536224712413411,2.343140449628792,0.9239163479109678,0.619389262786037,1.2284434330358984,Regulatory,H3K27ac Hnisz + flank,200
EUR_300k,H3K4me1_peaks_Trynka,H3K4me1 peaks Trynka,Regulatory,40,-0.0003531661900628,-0.0455783096027047,0.0448719772225789,0.0230740527615519,1.4354741810269318,1.4023060625326709,1.4694268102024504,0.5215273819283126,0.4878012614087701,0.5552535024478551,Regulatory,H3K4me1 peaks Trynka,200
EUR,H3K4me1_peaks_Trynka,H3K4me1 peaks Trynka,Regulatory,40,0.1300993697974889,-0.09946954789863,0.359668287493608,0.1171269988245505,1.8051021603813808,1.5763022128432354,2.0671123740518262,0.852080489248084,0.6565441586343437,1.047616819861824,Regulatory,H3K4me1 peaks Trynka,200
SAS,H3K4me1_peaks_Trynka,H3K4me1 peaks Trynka,Regulatory,40,-0.0177940200589838,-0.2190277315501697,0.183439691432202,0.1026702609648907,1.951605827179326,1.6657164089016645,2.286562877285765,0.9646616960370438,0.7361428002849473,1.1931805917891405,Regulatory,H3K4me1 peaks Trynka,200
AFR,H3K4me1_peaks_Trynka,H3K4me1 peaks Trynka,Regulatory,40,1.0730571612001163,-2.775809003508204,4.921923325908437,1.963707226892,3.996911029457564,2.7162295921104125,5.8814239502439465,1.9988854589757847,1.4416054300244294,2.55616548792714,Regulatory,H3K4me1 peaks Trynka,200
EUR_300k,H3K4me1_Trynka_w_flanking,H3K4me1 Trynka + flank,Regulatory,40,0.0664083983558235,-0.0944970669048637,0.2273138636165108,0.0820946251330037,1.2046986322625797,1.1870478098671071,1.2226119137845062,0.2686722866060376,0.2473780425359553,0.2899665306761201,Regulatory,H3K4me1 Trynka + flank,200
EUR,H3K4me1_Trynka_w_flanking,H3K4me1 Trynka + flank,Regulatory,40,0.2035924502677181,-0.0296393838863707,0.436824284421807,0.1189958337520861,1.3037880698940605,1.2247663449670076,1.3879082636320064,0.382709379261241,0.2925065450565651,0.4729122134659165,Regulatory,H3K4me1 Trynka + flank,200
SAS,H3K4me1_Trynka_w_flanking,H3K4me1 Trynka + flank,Regulatory,40,0.1165280487629511,-0.0976751544216761,0.3307312519475783,0.1092873485635853,1.235305330619421,1.1652499708419355,1.3095724505825832,0.304867677054393,0.2206394767762816,0.3890958773325043,Regulatory,H3K4me1 Trynka + flank,200
AFR,H3K4me1_Trynka_w_flanking,H3K4me1 Trynka + flank,Regulatory,40,-0.8432591220166454,-4.490642409821994,2.804124165788703,1.8609098407170144,1.586040526052802,1.2755223247561676,1.9721525068271333,0.6654296348429225,0.3510881498483841,0.979771119837461,Regulatory,H3K4me1 Trynka + flank,200
EUR_300k,H3K4me3_peaks_Trynka,H3K4me3 peaks Trynka,Regulatory,40,-0.0486688021709199,-0.0930213020366884,-0.0043163023051515,0.0226288264621267,1.6875114573519987,1.6203051311848171,1.7575053388937572,0.7548972973686815,0.6962655228598376,0.8135290718775251,Regulatory,H3K4me3 peaks Trynka,200
EUR,H3K4me3_peaks_Trynka,H3K4me3 peaks Trynka,Regulatory,40,0.0222260229724434,-0.1733355225657689,0.2177875685106559,0.0997762987439859,3.2689301501646826,2.529074860589745,4.225222627124566,1.7088185502200004,1.3386097413914848,2.079027359048516,Regulatory,H3K4me3 peaks Trynka,200
SAS,H3K4me3_peaks_Trynka,H3K4me3 peaks Trynka,Regulatory,40,-0.0944908209325039,-0.3071353807391661,0.1181537388741582,0.1084921223503378,3.2096722669669955,2.472515360025758,4.166605485205046,1.6824259942448034,1.3059794834774732,2.058872505012134,Regulatory,H3K4me3 peaks Trynka,200
AFR,H3K4me3_peaks_Trynka,H3K4me3 peaks Trynka,Regulatory,40,-0.0789376593132122,-1.0903760783855534,0.9325007597591288,0.5160400097307863,9.018498083705786,5.145181164934944,15.807666451106066,3.1728871909522103,2.363221876176921,3.9825525057275,Regulatory,H3K4me3 peaks Trynka,200
EUR_300k,H3K4me3_Trynka_w_flanking,H3K4me3 Trynka + flank,Regulatory,40,0.002625786966991,-0.0665008218559168,0.0717523957898989,0.0352686779708713,1.3912656496572198,1.3592042940921512,1.424083278966521,0.4763979158194393,0.44276231550386,0.5100335161350188,Regulatory,H3K4me3 Trynka + flank,200
EUR,H3K4me3_Trynka_w_flanking,H3K4me3 Trynka + flank,Regulatory,40,-0.2423165113117904,-0.4575623576587596,-0.0270706649648212,0.1098193093606985,1.5921437309774358,1.398302166766449,1.8128568490691213,0.670970581238574,0.4836761542686777,0.8582650082084704,Regulatory,H3K4me3 Trynka + flank,200
SAS,H3K4me3_Trynka_w_flanking,H3K4me3 Trynka + flank,Regulatory,40,0.0743649199259324,-0.1436257388096347,0.2923555786614995,0.1112197238446771,1.7143749241629054,1.514736877721084,1.940324701819108,0.7776826532544915,0.5990672074438981,0.9562980990650852,Regulatory,H3K4me3 Trynka + flank,200
AFR,H3K4me3_Trynka_w_flanking,H3K4me3 Trynka + flank,Regulatory,40,1.0292272347043174,-0.3825796153867014,2.441034084795336,0.720309617393377,2.841591689617112,2.057737532806456,3.9240394859729215,1.5066992675700428,1.0410589762713378,1.972339558868748,Regulatory,H3K4me3 Trynka + flank,200
EUR_300k,H3K9ac_peaks_Trynka,H3K9ac peaks Trynka,Regulatory,40,0.0364994376716106,-0.0059303385421582,0.0789292138853795,0.0216478450070249,2.058797073656557,1.9822988067861231,2.13824746097127,1.041801637033337,0.9871744471744494,1.0964288268922249,Regulatory,H3K9ac peaks Trynka,200
EUR,H3K9ac_peaks_Trynka,H3K9ac peaks Trynka,Regulatory,40,-0.1059398828451939,-0.321609955424897,0.109730189734509,0.110035751316175,2.948288762972538,2.254708763486431,3.8552236859314655,1.5598778326102285,1.17294109529499,1.9468145699254675,Regulatory,H3K9ac peaks Trynka,200
SAS,H3K9ac_peaks_Trynka,H3K9ac peaks Trynka,Regulatory,40,-0.100688232891081,-0.2956112458427085,0.0942347800605463,0.0994505168120548,3.819724501752976,2.950486474932202,4.945047331432788,1.9334685874003323,1.5609528450202084,2.3059843297804563,Regulatory,H3K9ac peaks Trynka,200
AFR,H3K9ac_peaks_Trynka,H3K9ac peaks Trynka,Regulatory,40,1.005340394926643,-0.3890301172305233,2.3997109070838096,0.7114135266107992,8.028586611702389,5.083236367927256,12.680544109321117,3.0051460316077963,2.345747316937849,3.664544746277743,Regulatory,H3K9ac peaks Trynka,200
EUR_300k,H3K9ac_Trynka_w_flanking,H3K9ac Trynka + flank,Regulatory,40,0.0418595521573943,-0.0321286243497987,0.1158477286645874,0.037749069646527,1.579738881902792,1.543122659112352,1.6172239583540358,0.6596861122529553,0.6258527428288508,0.6935194816770595,Regulatory,H3K9ac Trynka + flank,200
EUR,H3K9ac_Trynka_w_flanking,H3K9ac Trynka + flank,Regulatory,40,0.1774346276868567,-0.0871492357214762,0.4420184910951898,0.1349917670450678,1.8958451506257967,1.69887132550298,2.115656895961334,0.922841132196362,0.7645765852538677,1.0811056791388562,Regulatory,H3K9ac Trynka + flank,200
SAS,H3K9ac_Trynka_w_flanking,H3K9ac Trynka + flank,Regulatory,40,0.027731078030844,-0.1973022710865962,0.2527644271482843,0.1148129332231838,1.9926513271794588,1.7768707443859817,2.234635988158028,0.9946892904296938,0.8293387386453467,1.160039842214041,Regulatory,H3K9ac Trynka + flank,200
AFR,H3K9ac_Trynka_w_flanking,H3K9ac Trynka + flank,Regulatory,40,-0.6694819675158117,-2.7353658001255945,1.3964018650939711,1.05402236357642,2.5335344097419243,1.695340013729735,3.786141159509978,1.341151423266184,0.7615746461804993,1.9207282003518684,Regulatory,H3K9ac Trynka + flank,200
EUR_300k,SuperEnhancer_Hnisz_w_flanking,SuperEnhancer Hnisz + flank,Regulatory,40,0.0459033191742691,-0.0245184767373764,0.1163251150859146,0.0359294877100232,1.6261262629332862,1.5858943813705175,1.6673787700264144,0.701439281912031,0.6652966925129651,0.737581871311097,Regulatory,SuperEnhancer Hnisz + flank,200
EUR,SuperEnhancer_Hnisz_w_flanking,SuperEnhancer Hnisz + flank,Regulatory,40,0.0679807117004791,-0.1408129898486562,0.2767744132496145,0.1065273987495588,1.9077697772357696,1.683465881624853,2.16195977754022,0.9318870826221188,0.7514344827281292,1.1123396825161085,Regulatory,SuperEnhancer Hnisz + flank,200
SAS,SuperEnhancer_Hnisz_w_flanking,SuperEnhancer Hnisz + flank,Regulatory,40,-0.0848489532097836,-0.2419883388540853,0.0722904324345179,0.0801731559409702,1.6243176728155313,1.4113995374931674,1.869355793404202,0.6998338124347948,0.4971264423416032,0.9025411825279864,Regulatory,SuperEnhancer Hnisz + flank,200
AFR,SuperEnhancer_Hnisz_w_flanking,SuperEnhancer Hnisz + flank,Regulatory,40,0.0034704673399685,-0.9176848980327004,0.9246258327126374,0.4699772272309535,2.758007416209035,2.118158212333565,3.591141050546869,1.4636263362259367,1.0828103530811328,1.8444423193707409,Regulatory,SuperEnhancer Hnisz + flank,200
EUR_300k,TFBS_ENCODE_w_flanking,TFBS + flank,Regulatory,40,0.0169110124743125,-0.0292932514776594,0.0631152764262844,0.0235736040571285,1.2755340797105768,1.2496635135268082,1.3019402190205702,0.3511014453712918,0.3215396847141488,0.3806632060284348,Regulatory,TFBS + flank,200
EUR,TFBS_ENCODE_w_flanking,TFBS + flank,Regulatory,40,0.0710313106692753,-0.1466190884431289,0.2886817097816796,0.1110461219961246,1.5293321772525457,1.3739603694593798,1.7022739231556547,0.6129018000445371,0.4583403916312766,0.7674632084577973,Regulatory,TFBS + flank,200
SAS,TFBS_ENCODE_w_flanking,TFBS + flank,Regulatory,40,0.0728660543607129,-0.1396702573029099,0.2854023660243358,0.10843689370593,1.4499790142890228,1.2940275675066537,1.6247251563037166,0.5360320201021069,0.3718683523238491,0.7001956878803645,Regulatory,TFBS + flank,200
AFR,TFBS_ENCODE_w_flanking,TFBS + flank,Regulatory,40,-0.2222445342024882,-3.839779818199583,3.395290749794606,1.8456812673454563,2.057838538278007,1.4521546245559365,2.916149133166257,1.041129790218363,0.5381950788179087,1.5440645016188177,Regulatory,TFBS + flank,200
EUR_300k,WeakEnhancer_Hoffman_w_flanking,WeakEnhancer Hoffman + flank,Regulatory,40,-0.0178844150339328,-0.0735996279741732,0.0378307979063076,0.028426129051143,1.401495632391336,1.350123381965891,1.4548225990664412,0.4869672483752743,0.4330912549921323,0.5408432417584166,Regulatory,WeakEnhancer Hoffman + flank,200
EUR,WeakEnhancer_Hoffman_w_flanking,WeakEnhancer Hoffman + flank,Regulatory,40,-0.0776556450150577,-0.2761655741698051,0.1208542841396895,0.1012805760993608,2.016019432908971,1.6211564841145347,2.5070586298684927,1.0115095453984844,0.6970233554821303,1.3259957353148382,Regulatory,WeakEnhancer Hoffman + flank,200
SAS,WeakEnhancer_Hoffman_w_flanking,WeakEnhancer Hoffman + flank,Regulatory,40,0.2088564206219557,0.0048642491259363,0.4128485921179752,0.1040776385183772,2.4429587455990864,2.0010173049916364,2.9825066568947074,1.2886295009272537,1.0007336438641752,1.5765253579903322,Regulatory,WeakEnhancer Hoffman + flank,200
AFR,WeakEnhancer_Hoffman_w_flanking,WeakEnhancer Hoffman + flank,Regulatory,40,0.4744541268764197,-1.2170133211932692,2.1659215749461085,0.862993595953923,5.0869593838359,3.4816764560780507,7.432383824068925,2.346803575236033,1.7997821429949905,2.893825007477076,Regulatory,WeakEnhancer Hoffman + flank,200
EUR_300k,DGF_ENCODE_w_flanking,DGF ENCODE + flank,Other,40,-0.0004567721579944,-0.0799078665764359,0.0789943222604469,0.0405362726624701,1.1851560112992798,1.1670383195470142,1.2035549712403717,0.2450769847883815,0.2228519325215461,0.2673020370552166,Other,DGF ENCODE + flank,200
EUR,DGF_ENCODE_w_flanking,DGF ENCODE + flank,Other,40,0.0253107245679537,-0.1654419833864893,0.2160634325223967,0.0973228101808382,1.2789629267499771,1.1824619298856334,1.3833393927186095,0.3549744454790185,0.2417937358273826,0.4681551551306544,Other,DGF ENCODE + flank,200
SAS,DGF_ENCODE_w_flanking,DGF ENCODE + flank,Other,40,-0.0775530637039244,-0.3213303159223841,0.1662241885145352,0.1243761490910508,1.229600971382421,1.1289787389363422,1.3391913387572156,0.2981902098681013,0.1750183173598753,0.4213621023763272,Other,DGF ENCODE + flank,200
AFR,DGF_ENCODE_w_flanking,DGF ENCODE + flank,Other,40,0.0407121870100614,-8.741599120640874,8.823023494660998,4.48077107533211,1.758390293135052,1.2776941516256033,2.4199347074240887,0.8142553272934485,0.3535425321061332,1.2749681224807634,Other,DGF ENCODE + flank,200
EUR_300k,H3K27ac_PGC2_w_flanking,H3K27ac PGC2 + flank,Other,40,0.016557242034105,-0.0347669417230477,0.0678814257912579,0.0261858080393636,1.4483976060751558,1.4213598144511057,1.4759497236063217,0.5344576974291066,0.5072718162371407,0.5616435786210724,Other,H3K27ac PGC2 + flank,200
EUR,H3K27ac_PGC2_w_flanking,H3K27ac PGC2 + flank,Other,40,0.1238806331453018,-0.1071888693633718,0.3549501356539756,0.1178926033207519,1.6741364234834286,1.518997654504828,1.8451198763355152,0.7434170962655378,0.6031196421659573,0.8837145503651183,Other,H3K27ac PGC2 + flank,200
SAS,H3K27ac_PGC2_w_flanking,H3K27ac PGC2 + flank,Other,40,-0.0028219612859211,-0.2342806250164219,0.2286367024445797,0.1180911549645412,1.5234039652046296,1.3679992121038294,1.6964627030977013,0.6072985559548371,0.4520673993069793,0.7625297126026944,Other,H3K27ac PGC2 + flank,200
AFR,H3K27ac_PGC2_w_flanking,H3K27ac PGC2 + flank,Other,40,-0.0624152481834972,-3.816267668935484,3.69143717256849,1.915230826914279,2.0593897936185903,1.5390567780664148,2.755639936421764,1.0422169237521404,0.6220464557881998,1.462387391716081,Other,H3K27ac PGC2 + flank,200
EUR_300k,Repressed_Hoffman_w_flanking,Repressed Hoffman + flank,Other,40,-0.074516136961795,-0.2152400425835259,0.0662077686599358,0.0717979110314953,0.869218164300703,0.8477934403238631,0.8911843159126853,-0.2022097716420608,-0.2382152910903011,-0.1662042521938203,Other,Repressed Hoffman + flank,200
EUR,Repressed_Hoffman_w_flanking,Repressed Hoffman + flank,Other,40,-0.103185706764011,-0.3504544446770183,0.1440830311489962,0.126157519343371,0.8632197664437187,0.7692753778730758,0.9686367022942616,-0.2122001941209451,-0.3784279620123684,-0.045972426229522,Other,Repressed Hoffman + flank,200
SAS,Repressed_Hoffman_w_flanking,Repressed Hoffman + flank,Other,40,0.0126193811127249,-0.1844199141882823,0.2096586764137321,0.1005302527045955,1.0246767698685686,0.936573459188754,1.1210679444383842,0.0351688891944077,-0.094535939659801,0.1648737180486164,Other,Repressed Hoffman + flank,200
AFR,Repressed_Hoffman_w_flanking,Repressed Hoffman + flank,Other,40,0.3882353564827017,-3.718628090245068,4.495098803210472,2.095338493228454,1.05872171036509,0.8175430068329197,1.3710491688267317,0.0823234204559244,-0.2906334693376924,0.4552803102495411,Other,Repressed Hoffman + flank,200
EUR_300k,Transcr_Hoffman_w_flanking,Transcr Hoffman + flank,Other,40,0.0461054403622745,-0.0779020429238202,0.1701129236483693,0.0632691241255585,1.0226461557887958,1.0047400681453316,1.0408713587784684,0.0323070467495456,0.0068223164279634,0.0577917770711281,Other,Transcr Hoffman + flank,200
EUR,Transcr_Hoffman_w_flanking,Transcr Hoffman + flank,Other,40,0.0294917232001834,-0.1402585816665065,0.1992420280668733,0.0866072984013724,1.0284419038615145,0.9557804180209104,1.1066273483698392,0.0404602990858161,-0.0652488848605499,0.1461694830321822,Other,Transcr Hoffman + flank,200
SAS,Transcr_Hoffman_w_flanking,Transcr Hoffman + flank,Other,40,0.079696272820401,-0.0682895981560663,0.2276821437968685,0.0755029953961568,1.0978003683512196,1.005007996647861,1.1991602581987664,0.134615728500886,0.0072069806861092,0.2620244763156633,Other,Transcr Hoffman + flank,200
AFR,Transcr_Hoffman_w_flanking,Transcr Hoffman + flank,Other,40,0.0515741575042327,-3.061595478349489,3.1647437933579545,1.5883518550274092,1.2299064455043094,0.9628462287063104,1.5710399226733045,0.2985485791903555,-0.0546226839388469,0.651719842319558,Other,Transcr Hoffman + flank,200
EUR_300k,BivFlnk_w_flanking,BivFlnk + flank,Other,40,0.0314736058620999,-0.0161149539704028,0.0790621656946027,0.0242798774655626,2.047626500146777,1.9604646681882048,2.1386635281614934,1.0339525827561251,0.971195641605086,1.0967095239071645,Other,BivFlnk + flank,200
EUR,BivFlnk_w_flanking,BivFlnk + flank,Other,40,0.049730323551047,-0.1479964954628555,0.2474571425649495,0.1008810301091339,3.335478447969193,2.6345403017316937,4.222906163004678,1.7378937194321509,1.3975512494262248,2.0782361894380768,Other,BivFlnk + flank,200
SAS,BivFlnk_w_flanking,BivFlnk + flank,Other,40,0.0119552336639472,-0.1707383837168884,0.194648851044783,0.0932110292759366,3.6483316430393136,2.75318371235236,4.834520746975292,1.86723688027592,1.4611008802047345,2.273372880347106,Other,BivFlnk + flank,200
AFR,BivFlnk_w_flanking,BivFlnk + flank,Other,40,-0.8114172551887966,-4.678377044297241,3.055542533919648,1.972938667912472,11.26162098107453,6.502106749711005,19.505079200216915,3.4933425966432985,2.7009072419732782,4.285777951313319,Other,BivFlnk + flank,200
