contrast_set,pop,pair_name,display_order,numerator_annotation,denominator_annotation,numerator_label,denominator_label,estimate,ci_lo,ci_hi,se_log,n_obs,meta_model,n_aggregate_jackknife,min_traits_in_aggregate_replicate,max_traits_in_aggregate_replicate,z_log_ratio,p_one_sided_gt1,expected_gt1,bh_fdr_one_sided_all_panel_b,bonferroni_one_sided_all_panel_b,bh_fdr_one_sided_by_pop,bonferroni_one_sided_by_pop,bh_fdr_one_sided_expected_gt1,bonferroni_one_sided_expected_gt1
hujoel,EUR_300k,Ancient enhancer / generic enhancer,0,Ancient_Sequence_Age_Human_Enhancer_w_flanking,Human_Enhancer_Villar_w_flanking,Ancient enhancer age,Human enhancer (Villar),1.294633920118754,1.1984624064712501,1.3985227889267628,0.03938191876029905,40,fixed_weight_ivw_with_aggregate_snp_jackknife_se,200,40,40,6.557018452876572,2.7447111563277982e-11,True,3.659614875103731e-10,1.0978844625311193e-09,9.149037187759328e-11,2.744711156327798e-10,2.561730412572612e-10,7.685191237717835e-10
hujoel,EUR_300k,Ancient promoter / generic promoter,1,Ancient_Sequence_Age_Human_Promoter_w_flanking,Human_Promoter_Villar_w_flanking,Ancient promoter age,Human promoter (Villar),1.2694991993129985,1.182587225631216,1.3627986013430204,0.03618259644949587,40,fixed_weight_ivw_with_aggregate_snp_jackknife_se,200,40,40,6.594952128019678,2.1269655154041386e-11,True,3.659614875103731e-10,8.507862061616554e-10,9.149037187759328e-11,2.1269655154041385e-10,2.561730412572612e-10,5.955503443131588e-10
hujoel,EUR_300k,LoF-intolerant promoter / generic promoter,2,Human_Promoter_Villar_ExAC_w_flanking,Human_Promoter_Villar_w_flanking,LoF-intolerant promoter,Human promoter (Villar),1.351034543732769,1.0882950814421486,1.6772053549487995,0.11033586808104244,40,fixed_weight_ivw_with_aggregate_snp_jackknife_se,200,40,40,2.7268614721042526,0.0031969938153433887,True,0.007265391984650314,0.12787975261373555,0.005217707214454756,0.03196993815343389,0.00508577438925522,0.08951582682961488
hujoel,EUR,Ancient enhancer / generic enhancer,0,Ancient_Sequence_Age_Human_Enhancer_w_flanking,Human_Enhancer_Villar_w_flanking,Ancient enhancer age,Human enhancer (Villar),1.4971766828082846,1.1399589481417056,1.966332229067409,0.1390759549516167,25,fixed_weight_ivw_with_aggregate_snp_jackknife_se,200,23,25,2.901875620423188,0.00185467892459763,True,0.004636697311494075,0.0741871569839052,0.00370935784919526,0.0185467892459763,0.0032456881180458527,0.05193100988873364
hujoel,EUR,Ancient promoter / generic promoter,1,Ancient_Sequence_Age_Human_Promoter_w_flanking,Human_Promoter_Villar_w_flanking,Ancient promoter age,Human promoter (Villar),1.4033817802729804,1.1885130021345505,1.6570962350979794,0.08478670075434268,30,fixed_weight_ivw_with_aggregate_snp_jackknife_se,200,29,30,3.9969108147278614,3.20872323866252e-05,True,0.00021391488257750134,0.001283489295465008,0.00018164863802449987,0.000320872323866252,0.00014974041780425095,0.0008984425068255057
hujoel,EUR,LoF-intolerant promoter / generic promoter,2,Human_Promoter_Villar_ExAC_w_flanking,Human_Promoter_Villar_w_flanking,LoF-intolerant promoter,Human promoter (Villar),1.6314434407516947,1.1464753700185837,2.3215568079134448,0.17998613729568194,25,fixed_weight_ivw_with_aggregate_snp_jackknife_se,200,23,25,2.7194603805683975,0.003269426393092641,True,0.007265391984650314,0.13077705572370565,0.005449043988487736,0.032694263930926414,0.00508577438925522,0.09154393900659395
hujoel,SAS,Ancient enhancer / generic enhancer,0,Ancient_Sequence_Age_Human_Enhancer_w_flanking,Human_Enhancer_Villar_w_flanking,Ancient enhancer age,Human enhancer (Villar),1.336078791870186,1.0020020606686981,1.7815397873473269,0.1468056071989968,29,fixed_weight_ivw_with_aggregate_snp_jackknife_se,200,28,29,1.9736238612019374,0.024212264240683574,True,0.046118598553683,0.9684905696273429,0.03458894891526225,0.24212264240683573,0.0322830189875781,0.6779433987391401
hujoel,SAS,Ancient promoter / generic promoter,1,Ancient_Sequence_Age_Human_Promoter_w_flanking,Human_Promoter_Villar_w_flanking,Ancient promoter age,Human promoter (Villar),1.401624968348362,1.1652749953621264,1.6859132477025587,0.09422201455756957,30,fixed_weight_ivw_with_aggregate_snp_jackknife_se,200,28,30,3.583369096937669,0.0001695953923281598,True,0.0006783815693126392,0.006783815693126392,0.000847976961640799,0.001695953923281598,0.0004748670985188474,0.004748670985188474
hujoel,SAS,LoF-intolerant promoter / generic promoter,2,Human_Promoter_Villar_ExAC_w_flanking,Human_Promoter_Villar_w_flanking,LoF-intolerant promoter,Human promoter (Villar),1.9170025801971013,1.2703661699457496,2.8927871187244216,0.20992736138413987,26,fixed_weight_ivw_with_aggregate_snp_jackknife_se,200,24,26,3.099942788436724,0.0009677901296182681,True,0.002977815783440825,0.03871160518473073,0.0019355802592365364,0.009677901296182682,0.0020844710484085776,0.027098123629311507
hujoel,AFR,Ancient promoter / generic promoter,1,Ancient_Sequence_Age_Human_Promoter_w_flanking,Human_Promoter_Villar_w_flanking,Ancient promoter age,Human promoter (Villar),1.3876104531392306,0.5121953553831443,3.759235122741266,0.5084858890658831,11,fixed_weight_ivw_with_aggregate_snp_jackknife_se,200,9,11,0.6442325664886678,0.25971231794262645,True,0.3582238868174158,1.0,0.43285386323771075,1.0,0.26933129268124223,1.0
hujoel,AFR,LoF-intolerant promoter / generic promoter,2,Human_Promoter_Villar_ExAC_w_flanking,Human_Promoter_Villar_w_flanking,LoF-intolerant promoter,Human promoter (Villar),2.4899167746885404,0.878242035276538,7.059199282033052,0.5316746647103376,11,fixed_weight_ivw_with_aggregate_snp_jackknife_se,200,7,11,1.715803566820639,0.043099000568780556,True,0.07836181921596465,1.0,0.43099000568780554,0.43099000568780554,0.05485327345117525,1.0
hujoel,AFR,Ancient enhancer / generic enhancer,0,Ancient_Sequence_Age_Human_Enhancer_w_flanking,Human_Enhancer_Villar_w_flanking,Ancient enhancer age,Human enhancer (Villar),1.5335033474558224,0.12083836608343007,19.46097578838977,1.2963552710883262,10,fixed_weight_ivw_with_aggregate_snp_jackknife_se,200,6,10,0.3298130512455391,0.3707706126035637,True,0.4784136936820177,1.0,0.5296723037193767,1.0,0.3707706126035637,1.0
core_regulatory,EUR_300k,DHS peaks / DHS + flank,0,DHS_peaks_Trynka,DHS_Trynka_w_flanking,DHS peaks,DHS + flank,1.2045247117538838,1.1464921469370133,1.2654947398479528,0.02519290069362682,40,fixed_weight_ivw_with_aggregate_snp_jackknife_se,200,40,40,7.386408628281707,7.542386302947118e-14,True,3.016954521178847e-12,3.016954521178847e-12,7.542386302947118e-13,7.542386302947118e-13,2.1118681648251927e-12,2.1118681648251927e-12
core_regulatory,EUR_300k,H3K4me1 peaks / H3K4me1 + flank,1,H3K4me1_peaks_Trynka,H3K4me1_Trynka_w_flanking,H3K4me1 peaks Trynka,H3K4me1 Trynka + flank,1.1822315234547176,1.1156048004318389,1.252837361858822,0.02959545630803657,40,fixed_weight_ivw_with_aggregate_snp_jackknife_se,200,40,40,5.656401184959911,7.72899538702798e-09,True,7.72899538702798e-08,3.091598154811192e-07,1.932248846756995e-08,7.72899538702798e-08,5.4102967709195856e-08,2.1641187083678342e-07
core_regulatory,EUR_300k,H3K4me3 peaks / H3K4me3 + flank,2,H3K4me3_peaks_Trynka,H3K4me3_Trynka_w_flanking,H3K4me3 peaks Trynka,H3K4me3 Trynka + flank,1.1192235522377534,1.0308056256177363,1.2152255757558619,0.041987005436532214,40,fixed_weight_ivw_with_aggregate_snp_jackknife_se,200,40,40,2.6826201771636504,0.0036523950501183293,True,0.00768925273709122,0.14609580200473318,0.005217707214454756,0.036523950501183296,0.005382476915963854,0.10226706140331322
core_regulatory,EUR_300k,H3K9ac peaks / H3K9ac + flank,3,H3K9ac_peaks_Trynka,H3K9ac_Trynka_w_flanking,H3K9ac peaks Trynka,H3K9ac Trynka + flank,1.2220068792737824,1.139073011842096,1.3109790131692258,0.03585699292761783,40,fixed_weight_ivw_with_aggregate_snp_jackknife_se,200,40,40,5.591503187636599,1.1255608041357974e-08,True,9.00448643308638e-08,4.5022432165431894e-07,2.251121608271595e-08,1.1255608041357974e-07,6.303140503160466e-08,3.151570251580233e-07
core_regulatory,EUR,DHS peaks / DHS + flank,0,DHS_peaks_Trynka,DHS_Trynka_w_flanking,DHS peaks,DHS + flank,1.4415203438220632,1.134428588063583,1.8317423622053606,0.12222922113694375,34,fixed_weight_ivw_with_aggregate_snp_jackknife_se,200,33,34,2.9919060888085656,0.0013862076715523495,True,0.0036965537908062655,0.05544830686209398,0.003465519178880874,0.013862076715523496,0.002587587653564386,0.03881381480346579
core_regulatory,EUR,H3K4me1 peaks / H3K4me1 + flank,1,H3K4me1_peaks_Trynka,H3K4me1_Trynka_w_flanking,H3K4me1 peaks Trynka,H3K4me1 Trynka + flank,1.4271387984997217,1.1918683882709293,1.7088507172658156,0.09191298453273351,34,fixed_weight_ivw_with_aggregate_snp_jackknife_se,200,33,34,3.8696556478410145,5.449459140734997e-05,True,0.0002421981840326665,0.0021797836562939986,0.00018164863802449987,0.0005449459140734996,0.0001695387288228666,0.0015258485594057992
core_regulatory,EUR,H3K4me3 peaks / H3K4me3 + flank,2,H3K4me3_peaks_Trynka,H3K4me3_Trynka_w_flanking,H3K4me3 peaks Trynka,H3K4me3 Trynka + flank,1.9277866066928628,1.3929240401153076,2.6680286174375585,0.16579966596173942,30,fixed_weight_ivw_with_aggregate_snp_jackknife_se,200,29,30,3.9588288979925124,3.76590843698117e-05,True,0.00021519476782749545,0.001506363374792468,0.00018164863802449987,0.000376590843698117,0.0001506363374792468,0.0010544543623547276
core_regulatory,EUR,H3K9ac peaks / H3K9ac + flank,3,H3K9ac_peaks_Trynka,H3K9ac_Trynka_w_flanking,H3K9ac peaks Trynka,H3K9ac Trynka + flank,1.564353125298729,1.118443751481237,2.1880409250719075,0.17119091256983507,31,fixed_weight_ivw_with_aggregate_snp_jackknife_se,200,30,31,2.613879401422195,0.004476031453002993,True,0.008952062906005986,0.17904125812011973,0.006394330647147133,0.04476031453002993,0.006266444034204189,0.1253288806840838
core_regulatory,SAS,H3K4me1 peaks / H3K4me1 + flank,1,H3K4me1_peaks_Trynka,H3K4me1_Trynka_w_flanking,H3K4me1 peaks Trynka,H3K4me1 Trynka + flank,1.4402831163244183,1.1981099972946627,1.731406515139024,0.09392570913368428,35,fixed_weight_ivw_with_aggregate_snp_jackknife_se,200,33,35,3.884343340994399,5.130341296795981e-05,True,0.0002421981840326665,0.0020521365187183924,0.0005130341296795981,0.0005130341296795981,0.0001695387288228666,0.0014364955631028747
core_regulatory,SAS,H3K9ac peaks / H3K9ac + flank,3,H3K9ac_peaks_Trynka,H3K9ac_Trynka_w_flanking,H3K9ac peaks Trynka,H3K9ac Trynka + flank,1.685191789281658,1.2253883638687237,2.3175276103458673,0.16256201702906437,29,fixed_weight_ivw_with_aggregate_snp_jackknife_se,200,27,29,3.2103402036773487,0.0006628897974435515,True,0.0022096326581451716,0.02651559189774206,0.0016572244936088787,0.006628897974435515,0.0015467428607016203,0.018560914328419442
core_regulatory,SAS,DHS peaks / DHS + flank,0,DHS_peaks_Trynka,DHS_Trynka_w_flanking,DHS peaks,DHS + flank,1.4097207919814323,1.1283514287535867,1.7612533300374387,0.11358878063398954,31,fixed_weight_ivw_with_aggregate_snp_jackknife_se,200,30,31,3.023112520388081,0.0012509459936341832,True,0.003574131410383381,0.05003783974536733,0.0020849099893903056,0.012509459936341833,0.0025018919872683665,0.03502648782175713
core_regulatory,SAS,H3K4me3 peaks / H3K4me3 + flank,2,H3K4me3_peaks_Trynka,H3K4me3_Trynka_w_flanking,H3K4me3 peaks Trynka,H3K4me3 Trynka + flank,1.7898892352584306,1.2679478361574752,2.5266839716394447,0.1758949090318338,29,fixed_weight_ivw_with_aggregate_snp_jackknife_se,200,28,29,3.3096679227298185,0.0004670335898981979,True,0.001698303963266174,0.018681343595927914,0.001556778632993993,0.0046703358989819786,0.001188812774286322,0.01307694051714954
core_regulatory,AFR,H3K4me3 peaks / H3K4me3 + flank,2,H3K4me3_peaks_Trynka,H3K4me3_Trynka_w_flanking,H3K4me3 peaks Trynka,H3K4me3 Trynka + flank,3.0736922923248082,0.45315981404015887,20.848239440445386,0.9767295741611745,12,fixed_weight_ivw_with_aggregate_snp_jackknife_se,200,8,12,1.1496319654095395,0.125147743347046,True,0.2085795722450767,1.0,0.43285386323771075,1.0,0.15235377450944732,1.0
core_regulatory,AFR,DHS peaks / DHS + flank,0,DHS_peaks_Trynka,DHS_Trynka_w_flanking,DHS peaks,DHS + flank,2.74048271811253,0.2675226543848191,28.073306709458315,1.1870842379181976,13,fixed_weight_ivw_with_aggregate_snp_jackknife_se,200,3,13,0.8492523505700613,0.19787044439881718,True,0.3044160683058726,1.0,0.43285386323771075,1.0,0.22161489772667523,1.0
core_regulatory,AFR,H3K4me1 peaks / H3K4me1 + flank,1,H3K4me1_peaks_Trynka,H3K4me1_Trynka_w_flanking,H3K4me1 peaks Trynka,H3K4me1 Trynka + flank,3.112180315715811,0.12374330768675683,78.2722435547562,1.6453415841837966,18,fixed_weight_ivw_with_aggregate_snp_jackknife_se,200,6,18,0.690023006541119,0.24508985974688127,True,0.35012837106697325,1.0,0.43285386323771075,1.0,0.26394292588125673,1.0
core_regulatory,AFR,H3K9ac peaks / H3K9ac + flank,3,H3K9ac_peaks_Trynka,H3K9ac_Trynka_w_flanking,H3K9ac peaks Trynka,H3K9ac Trynka + flank,2.217217663651229,0.48629074230601466,10.109290061116203,0.7740825020075915,15,fixed_weight_ivw_with_aggregate_snp_jackknife_se,200,12,15,1.028641137235843,0.151824169789685,True,0.24291867166349598,1.0,0.43285386323771075,1.0,0.17712819808796584,1.0
specificity_control,EUR_300k,DGF / DHS,0,DGF_ENCODE_w_flanking,DHS_Trynka_w_flanking,DGF ENCODE + flank,DHS + flank,1.0265561066904256,0.9909529114620191,1.0634384621047606,0.01800912050752,40,fixed_weight_ivw_with_aggregate_snp_jackknife_se,200,40,40,1.4553522599331064,0.07278588285319446,False,0.1265841440925121,1.0,0.09098235356649306,0.7278588285319445,,
specificity_control,EUR_300k,Weak enhancer / enhancer,1,WeakEnhancer_Hoffman_w_flanking,Enhancer_Hoffman_w_flanking,WeakEnhancer Hoffman + flank,Enhancer Hoffman + flank,0.8309422651814503,0.7718909900429469,0.8945110863730424,0.037610704428075306,40,fixed_weight_ivw_with_aggregate_snp_jackknife_se,200,40,40,-4.923996124836775,0.9999995760274194,False,0.9999995760274194,1.0,0.9999995760274194,1.0,,
specificity_control,EUR_300k,Transcribed / intron,2,Transcr_Hoffman_w_flanking,Intron_UCSC_w_flanking,Transcr Hoffman + flank,Intron UCSC + flank,0.8194874693812855,0.745029793291699,0.9013863855106393,0.04859943822735809,40,fixed_weight_ivw_with_aggregate_snp_jackknife_se,200,40,40,-4.096264869352731,0.9999790065239587,False,0.9999995760274194,1.0,0.9999995760274194,1.0,,
specificity_control,EUR,DGF / DHS,0,DGF_ENCODE_w_flanking,DHS_Trynka_w_flanking,DGF ENCODE + flank,DHS + flank,1.021666654955411,0.9216267440496795,1.1325656081346458,0.05257665284061313,37,fixed_weight_ivw_with_aggregate_snp_jackknife_se,200,36,37,0.4076955853799458,0.34174858945954373,False,0.4556647859460583,1.0,0.4271857368244297,1.0,,
specificity_control,EUR,Weak enhancer / enhancer,1,WeakEnhancer_Hoffman_w_flanking,Enhancer_Hoffman_w_flanking,WeakEnhancer Hoffman + flank,Enhancer Hoffman + flank,0.8939763287068767,0.643589121763156,1.241776234655397,0.16766264492930041,25,fixed_weight_ivw_with_aggregate_snp_jackknife_se,200,25,25,-0.6684612554152648,0.7480803971462062,False,0.8530000118722025,1.0,0.8312004412735625,1.0,,
specificity_control,EUR,Transcribed / intron,2,Transcr_Hoffman_w_flanking,Intron_UCSC_w_flanking,Transcr Hoffman + flank,Intron UCSC + flank,0.7769271787453567,0.6724531613007095,0.897632542771693,0.07368069617355741,38,fixed_weight_ivw_with_aggregate_snp_jackknife_se,200,38,38,-3.425709407800264,0.9996934019781603,False,0.9999995760274194,1.0,0.9996934019781601,1.0,,
specificity_control,SAS,DGF / DHS,0,DGF_ENCODE_w_flanking,DHS_Trynka_w_flanking,DGF ENCODE + flank,DHS + flank,0.956651902141879,0.8495148528523716,1.0773006013948,0.060599061978236834,38,fixed_weight_ivw_with_aggregate_snp_jackknife_se,200,37,38,-0.7312933710551757,0.7677000106849823,False,0.8530000118722025,1.0,0.8530000118722025,1.0,,
specificity_control,SAS,Weak enhancer / enhancer,1,WeakEnhancer_Hoffman_w_flanking,Enhancer_Hoffman_w_flanking,WeakEnhancer Hoffman + flank,Enhancer Hoffman + flank,1.148834832708658,0.8220966538019062,1.605433456931156,0.1707375239495125,31,fixed_weight_ivw_with_aggregate_snp_jackknife_se,200,29,31,0.8126405759773696,0.2082120802744314,False,0.30846234114730575,1.0,0.26026510034303924,1.0,,
specificity_control,SAS,Transcribed / intron,2,Transcr_Hoffman_w_flanking,Intron_UCSC_w_flanking,Transcr Hoffman + flank,Intron UCSC + flank,0.8233411852968093,0.7235879072253981,0.9368463743477012,0.06589216136998302,37,fixed_weight_ivw_with_aggregate_snp_jackknife_se,200,37,37,-2.9500413590091465,0.9984113430341932,False,0.9999995760274194,1.0,0.9984113430341932,1.0,,
specificity_control,AFR,Weak enhancer / enhancer,1,WeakEnhancer_Hoffman_w_flanking,Enhancer_Hoffman_w_flanking,WeakEnhancer Hoffman + flank,Enhancer Hoffman + flank,0.7845112531810425,0.14965162227405862,4.112604307359897,0.8452810417216866,15,fixed_weight_ivw_with_aggregate_snp_jackknife_se,200,11,15,-0.28711677008462194,0.6129885440679915,False,0.7211629930211665,1.0,0.6129885440679915,1.0,,
specificity_control,AFR,Transcribed / intron,2,Transcr_Hoffman_w_flanking,Intron_UCSC_w_flanking,Transcr Hoffman + flank,Intron UCSC + flank,1.0167045244434594,0.19925059551075802,5.187879551245755,0.8315094443724789,25,fixed_weight_ivw_with_aggregate_snp_jackknife_se,200,11,25,0.01992345189527972,0.49205221847485314,False,0.6150652730935664,1.0,0.5904720687417448,1.0,,
specificity_control,AFR,DGF / DHS,0,DGF_ENCODE_w_flanking,DHS_Trynka_w_flanking,DGF ENCODE + flank,DHS + flank,0.8954252682504793,0.05749614884417779,13.945045488079394,1.4008065288475453,14,fixed_weight_ivw_with_aggregate_snp_jackknife_se,200,4,14,-0.07885208358826393,0.5314248618675703,False,0.6441513477182671,1.0,0.5904720687417448,1.0,,
