Phenotype,Acronym,h2_ped,h2_ped_se,h2_wgs,h2_wgs_se
albumin,ALB,0.277,0.031,0.189726088457908,0.00287186895414612
alka_phos,ALK,0.435,0.026,0.300863594329646,0.00279862497327199
alanine_aminotransferase,ALT,0.148,0.029,0.126957274762005,0.00253738329864342
heel_bone_mineral_density,BMD,0.375,0.035,0.351735752603728,0.00409412570125532
bmi,BMI,0.392,0.023,0.278859779907513,0.0027085269975674
chronic_ischaemic_heart_disease_i25,CIHD,0.300,0.113,0.152498177739927,0.00610068952738571
creatinine,CREA,0.244,0.028,0.243571609218942,0.0027658218076518
diastolic_blood_pressure,DBP,0.171,0.029,0.169924561419208,0.00265843519145695
dyslipidaemia_e78,DISLIP,0.350,0.080,0.153489240586835,0.0042768113516443
educational_qualification,EA,0.409,0.015,0.200996779091107,0.00269673883754201
fluid_intelligence_score,FI,0.405,0.036,0.245247465704921,0.00655858196578826
hand_grip_strength,GRIP,0.310,0.028,0.168630556442589,0.00255015288269468
haemoglobin_concentration,Hb,0.272,0.028,0.224148252666302,0.00269672921673971
hdl,HDL,0.541,0.029,0.336318525525125,0.00296716683310323
height,HT,0.882,0.010,0.584177324964934,0.00242122724334011
hypertension_i10,HypT,0.251,0.070,0.204805491137864,0.00392903864453788
igf_1,IGF,0.405,0.028,0.295177564174212,0.00281299156436184
ldl,LDL,0.239,0.029,0.201971813745329,0.00273551273775704
blood_mscv,MCV,0.509,0.027,0.32572403964577,0.00278097733304736
neuroticism_score,NEURO,0.212,0.034,0.130304897507874,0.00289480513967857
blood_platelet,PLAT,0.554,0.027,0.368203952498774,0.00278454751442537
blood_rbc_count,RBC,0.388,0.027,0.300382995576992,0.00276793792759209
bp_systolic,SBP,0.188,0.029,0.175259752817335,0.00267217531568473
sleep_duration,SLP,0.106,0.028,0.0841539068821099,0.00231352946203585
ever_smoked,SMK,0.248,0.060,0.137299953740631,0.00372755637072453
type2_diabetes_e11,T2D,0.597,0.100,0.268118406245643,0.00739333821931452
triglycerides,TG,0.323,0.029,0.223591658290471,0.00273955028784744
vitamin_d,VITD,0.227,0.030,0.153820871870092,0.0027011932049439
white_blood_cell_count,WBC,0.319,0.028,0.236979432856222,0.00272113712344246
whr,WHR,0.291,0.027,0.197114792041605,0.00260372587384793
