annotation,array_tau_star_meta,imputed_tau_star_meta,array_tau_star_se_meta,imputed_tau_star_se_meta,array_enrichment_meta,imputed_enrichment_meta,array_log_enrichment_meta,imputed_log_enrichment_meta,array_log_enrichment_se_meta,imputed_log_enrichment_se_meta,delta_tau_star,delta_log_enrichment,array_log2_enrichment_meta,imputed_log2_enrichment_meta,array_log2_enrichment_se_meta,imputed_log2_enrichment_se_meta,delta_log2_enrichment,array_enrichment_rank,imputed_enrichment_rank,best_enrichment_rank,mean_enrichment_rank
Ancient_Sequence_Age_Human_Enhancer_w_flanking,0.0911842108250328,0.1990713081645972,0.0125032478595594,0.033009460294541,2.726742184933956,6.989097092579577,1.0031075577490611,1.944351376597606,0.0265572754130682,0.0381781283047265,0.1078870973395644,0.9412438188485448,1.44717829904281,2.8051060887629955,0.03831404953795589,0.05507939637565149,1.3579277897201856,6.0,7.0,6.0,6.5
Ancient_Sequence_Age_Human_Promoter_w_flanking,0.1555057049208206,0.6103742870179877,0.016141642364926,0.0496032987067324,3.633944148603809,10.82000260127131,1.2903186007319902,2.381396513831552,0.029906489596222,0.0379807922360517,0.4548685820971671,1.0910779130995618,1.8615362464428287,3.435628940895046,0.04314594423086686,0.05479470060798583,1.5740926944522171,3.0,4.0,3.0,3.5
BLUEPRINT_DNA_methylation_MaxCPP,-0.0190814221821347,0.5537526813861426,0.0100946124358385,0.0351145260901226,1.7767595947740218,6.606853788986527,0.5747912528926542,1.888107563089931,0.0221460852985132,0.0307229118167599,0.5728341035682774,1.313316310197277,0.8292484900945863,2.7239634179347894,0.031950047435268976,0.044323792519708444,1.894714927840203,16.0,10.0,10.0,13.0
BLUEPRINT_H3K27acQTL_MaxCPP,0.0039792146488787,0.2934351038531238,0.0091911010912829,0.0240213900151228,1.96083778451258,6.539118722782342,0.673371822993359,1.8778024045211152,0.0287523987774172,0.031256160394677,0.28945588920424514,1.2044305815277563,0.9714701897068798,2.709096216771984,0.041480943129841685,0.045093107598630534,1.7376260270651043,13.0,11.0,11.0,12.0
BLUEPRINT_H3K4me1QTL_MaxCPP,0.0221278404698585,0.1314157904840059,0.0095495139229168,0.025390654554957,2.1901318436724595,6.716276848586768,0.7839617446064705,1.904533960609095,0.0333461787805681,0.0396542122595794,0.1092879500141474,1.1205722160026244,1.131017721190415,2.7476617001753576,0.04810836675932238,0.057208935377253536,1.6166439789849425,9.0,9.0,9.0,9.0
Backgrd_Selection_Stat,0.256838382727115,0.060506842166114,0.0141468562875634,0.0122867932877808,1.3397766048819462,1.2953040358756835,0.2925028872900336,0.2587454443337351,0.0094431433855413,0.0075266181279071,-0.196331540561001,-0.03375744295629851,0.4219924649390349,0.37329076939289096,0.01362357613272385,0.010858614647796548,-0.04870169554614395,34.0,46.0,34.0,40.0
BivFlnk_w_flanking,0.0328176608880766,0.1977697148252047,0.0119427224484418,0.0382581320744443,2.047626500146777,5.060453911740948,0.7166813175700816,1.6214561851537002,0.0221937738874536,0.0361223863097387,0.16495205393712808,0.9047748675836186,1.0339525827561251,2.33926679733998,0.032018847526040284,0.052113587594135403,1.305314214583855,12.0,13.0,12.0,12.5
CTCF_Hoffman_w_flanking,-0.0315345993605602,-0.1444338656067545,0.0086801948998991,0.0331289699896511,1.1620436385602455,1.489437248322327,0.1501802124235658,0.3983983629264506,0.0244015824540673,0.0873272181651619,-0.1128992662461943,0.2482181505028848,0.21666424770312948,0.5747673424922717,0.035204041996326034,0.12598654458150768,0.3581030947891422,45.0,43.0,43.0,44.0
Coding_UCSC_w_flanking,-0.2154532104215964,-0.4623524835598803,0.0147583488764918,0.0449029048889087,1.5976841436316895,3.7266241266870015,0.4685551705054827,1.3155027639723145,0.01937652094372,0.0393684661705515,-0.2468992731382839,0.8469475934668318,0.6759822208711426,1.8978693138585827,0.027954410675185982,0.05679669091165957,1.2218870929874401,22.0,18.0,18.0,20.0
Conserved_LindbladToh_w_flanking,-0.0143311520993445,-0.0340820312739897,0.0211542797822417,0.0744638044991498,1.2881385733071011,2.194086372863587,0.2531982098663429,0.7857657288373041,0.0100656820200725,0.0207046058349819,-0.0197508791746452,0.5325675189709612,0.3652878017361359,1.1336203202940807,0.0145217095335238,0.029870432161689085,0.7683325185579448,36.0,33.0,33.0,34.5
Conserved_Mammal_phastCons46way_w_flanking,0.0110750429704893,0.3915077615075001,0.0204221189017017,0.0965517654303289,1.291885564082216,2.2570373244949278,0.2561028287458344,0.8140530349139582,0.0097264617218498,0.021690984101527,0.3804327185370108,0.5579502061681239,0.3694782809892508,1.1744302764909778,0.014032318091509033,0.031293475195274346,0.804951995501727,35.0,32.0,32.0,33.5
Conserved_Primate_phastCons46way_w_flanking,0.147583832724394,0.7602657403475289,0.0117975140324515,0.0474925890070606,1.510284432753746,3.4852091883496703,0.4122979991502573,1.2485280677624495,0.0120144408153321,0.0219884030399697,0.6126819076231349,0.8362300686121922,0.5948202787425182,1.8012452517715656,0.017333174183333574,0.031722560022832094,1.2064249730290473,25.0,19.0,19.0,22.0
Conserved_Vertebrate_phastCons46way_w_flanking,-0.0049381788121129,-0.3873144479836215,0.0183754124833189,0.0802217652900887,1.2475470700017244,1.8724152692497136,0.221179279396031,0.6272291853185138,0.008581630354636,0.0206677891961117,-0.38237626917150863,0.4060499059224828,0.3190942495320484,0.9049004351598445,0.012380675555375554,0.029817316979368843,0.5858061856277961,39.0,37.0,37.0,38.0
CpG_Content_50kb,0.1444058392673112,0.1150649306221353,0.0168685096954974,0.0378829412527131,1.1460123972717216,1.3295674609389136,0.1362884360976664,0.2848536719998724,0.0060823684720369,0.0066570847683263,-0.02934090864517591,0.148565235902206,0.1966226508886157,0.4109569799732273,0.008775002831467017,0.009604143182041808,0.21433432908461159,46.0,45.0,45.0,45.5
DGF_ENCODE_w_flanking,0.0021765182824,-0.0378839960339583,0.0120835054498883,0.0493921340032476,1.1851560112992798,1.4943654778974669,0.1698744210261992,0.4017016872469335,0.0078598124064052,0.0189661140382449,-0.0400605143163583,0.2318272662207343,0.24507698478838147,0.5795330321078803,0.011339312381038332,0.02736231866791047,0.33445604731949885,42.0,42.0,42.0,42.0
DHS_Trynka_w_flanking,-0.0391849156058804,-0.0503313963722169,0.0124193989319303,0.0578007506671922,1.1655246711486484,1.554071637250814,0.1531713471363469,0.4408783494999446,0.0071203409952929,0.0191762145535273,-0.011146480766336495,0.2877070023635977,0.22097954291988958,0.6360530084588812,0.010272480643347454,0.027665429639396607,0.41507346553899166,44.0,40.0,40.0,42.0
DHS_peaks_Trynka,0.0125201646011403,0.0951789029701772,0.0093053091882985,0.0376237996183228,1.4011654332686587,2.712471479453624,0.3373043426596944,0.9978602043241572,0.0128336028862413,0.029719574940178,0.0826587383690369,0.6605558616644629,0.4866273024254527,1.4396079682789094,0.01851497524071861,0.042876283383522715,0.9529806658534566,31.0,24.0,24.0,27.5
Enhancer_Andersson_w_flanking,-0.0429815785781413,-0.0989874180698091,0.0077473883889021,0.0246886606069221,1.4945160532086748,3.435111215878829,0.4018024442088728,1.2340493024074817,0.0336128842834693,0.0683582487875794,-0.0560058394916678,0.8322468581986089,0.5796783936772052,1.7803568087957586,0.04849314146573574,0.0986201065296948,1.2006784151185534,26.0,20.0,20.0,23.0
Enhancer_Hoffman_w_flanking,-0.0148395388071675,0.0859597910213602,0.0133643444570922,0.0411889405848697,1.7341522002767096,3.075821697593529,0.5505186485991113,1.123572084291519,0.0171772628560487,0.0324773433974352,0.1007993298285277,0.5730534356924076,0.7942305242508317,1.6209718740886507,0.024781551938467653,0.046854902260727686,0.826741349837819,17.0,22.0,17.0,19.5
FetalDHS_Trynka_w_flanking,-0.0080371845524504,-0.0664372945908168,0.0107807218881699,0.0433804302065807,1.2825846544404922,1.98799000135334,0.2488773032454052,0.6871240787214022,0.0096081946325474,0.0228149361007821,-0.058400110038366405,0.43824677547599705,0.3590540511819648,0.9913105008467648,0.013861694748272091,0.03291499517079692,0.6322564496648,37.0,35.0,35.0,36.0
GERP.NS,0.1784272713188269,0.3219391250808071,0.0171718114798532,0.0534384615560436,1.173452507001563,1.8738558761478328,0.1599502642514093,0.6279982737871358,0.0066570682841424,0.0111294253906236,0.14351185376198017,0.4680480095357265,0.23075945302438744,0.9060099952795303,0.009604119400391442,0.016056366818996384,0.6752505422551429,43.0,36.0,36.0,39.5
GERP.RSsup4,0.1064200417575842,0.5924504815761049,0.0097353364179479,0.0307188101535768,2.2036137256820147,10.192687804341428,0.7900986153508899,2.321670581280193,0.0285519902750515,0.0252445474273321,0.48603043981852073,1.5315719659293032,1.1398713541799654,3.3494626341907314,0.04119181477732671,0.036420183382898264,2.209591280010766,8.0,5.0,5.0,6.5
GTEx_eQTL_MaxCPP,0.1262726620400116,0.6626852187590286,0.0117867925040141,0.0280669850817781,3.8033751620199063,11.61525125493908,1.335888873047214,2.4523189979246154,0.0335032136222798,0.0307456828569075,0.536412556719017,1.1164301248774013,1.9272802523239618,3.537948456983635,0.048334920146706636,0.04435664418640527,1.6106682046596732,1.0,2.0,1.0,1.5
H3K27ac_Hnisz_w_flanking,0.0433728061259542,0.0089282112533454,0.012078578619661,0.0284182778356578,1.3434172971560778,1.7950685548180354,0.2952165894235932,0.5850432133101267,0.0093659675706511,0.012850309549178,-0.0344445948726088,0.28982662388653346,0.42590750954957113,0.8440389425482637,0.013512234967305196,0.018539077860487193,0.4181314329986926,33.0,39.0,33.0,36.0
H3K27ac_PGC2_w_flanking,0.0180886859368079,-0.0862352578405581,0.0102007453813089,0.0414818448820984,1.4483976060751558,2.0345433541545423,0.3704578461015455,0.7102713977211567,0.009614192295535,0.0186531165871265,-0.10432394377736601,0.3398135516196112,0.5344576974291064,1.0247050231775854,0.013870347546921223,0.02691075879737107,0.49024732574847896,27.0,34.0,27.0,30.5
H3K4me1_Trynka_w_flanking,0.0612701711829511,0.1433590120297652,0.0135017594542518,0.0395387743857957,1.2046986322625797,1.550506064480549,0.1862294379555686,0.4385813708571018,0.0075306353261903,0.0108709125410857,0.0820888408468141,0.25235193290153324,0.2686722866060377,0.6327391687618241,0.010864410239837988,0.01568341161296198,0.3640668821557864,41.0,41.0,41.0,41.0
H3K4me1_peaks_Trynka,-0.0055377073924529,0.0497624965848639,0.0090383143828486,0.0440626302896613,1.4354741810269318,2.4605959799171337,0.3614952343684197,0.9004035888610532,0.0119271251782376,0.0300898667476556,0.055300203977316796,0.5389083544926335,0.5215273819283126,1.2990077924484666,0.01720720434670528,0.04341050153785246,0.777480410520154,28.0,27.0,27.0,27.5
H3K4me3_Trynka_w_flanking,0.0069038779432947,0.0673157575835054,0.0138177466923242,0.0551569204395489,1.3912656496572198,2.279629511470902,0.3302138721748786,0.824012934793709,0.0118951130230535,0.0279700040519393,0.0604118796402107,0.4937990626188304,0.4763979158194394,1.1887993746552448,0.017161020569173013,0.04035218613937704,0.7124014588358054,32.0,30.0,30.0,31.0
H3K4me3_peaks_Trynka,-0.0510221159088705,-0.1817490711435329,0.0097152115124583,0.0980607671471241,1.6875114573519987,3.165285174849924,0.5232549332834241,1.1522431541753473,0.0207349230571589,0.1206080133880905,-0.13072695523466238,0.6289882208919232,0.7548972973686814,1.6623354844270308,0.029914170667777372,0.17400058280646788,0.9074381870583494,19.0,21.0,19.0,20.0
H3K9ac_Trynka_w_flanking,0.0494673335163016,0.1731892686101628,0.0132411564982836,0.0462095124982708,1.579738881902792,2.534076579938148,0.4572595687626875,0.9298293024123692,0.0119650533801841,0.0226573244691603,0.12372193509386119,0.4725697336496817,0.6596861122529551,1.3414601234635692,0.01726192317556333,0.03268760965146973,0.6817740112106141,24.0,26.0,24.0,25.0
H3K9ac_peaks_Trynka,0.043158888143129,0.1132638930282597,0.0110720279278599,0.0461863022873081,2.058797073656557,4.049671924903787,0.722121867412393,1.3986358716406728,0.0193187156288779,0.0385142372925489,0.0701050048851307,0.6765140042282798,1.041801637033337,2.0178050360254116,0.027871015234126262,0.05556429914558108,0.9760033989920747,11.0,16.0,11.0,13.5
Human_Enhancer_Villar_Species_Enhancer_Count,0.0469967727321348,0.1737880883523212,0.0110688723736777,0.0272487895271475,3.173082098845653,6.986340887235578,1.1547033864691802,1.9439569409622128,0.0290988507433231,0.0348172605823485,0.12679131562018642,0.7892535544930326,1.6658848493567786,2.804537038427864,0.04198076766296036,0.050230689179492964,1.1386521890710852,4.0,8.0,4.0,6.0
Human_Enhancer_Villar_w_flanking,-0.0229080348218432,-0.1026687730137961,0.0130923109178741,0.0291738895941558,2.182555861171678,4.26270372542811,0.7804966034426425,1.449903636289343,0.0215641622353298,0.0300260242716449,-0.0797607381919529,0.6694070328467004,1.1260185792173802,2.0917687858415106,0.031110509917835365,0.04331839631431375,0.9657502066241304,10.0,15.0,10.0,12.5
Human_Promoter_Villar_ExAC_w_flanking,0.0421874934686443,0.2913593842991682,0.0114712053219245,0.0286801529579275,3.72767182219945,11.389152428099711,1.315783862422532,2.4326613610027845,0.0443098823774018,0.043840046288057,0.24917189083052388,1.1168774985802525,1.898274853198713,3.5095884816809138,0.06392564756825085,0.06324781737212244,1.6113136284822007,2.0,3.0,2.0,2.5
Human_Promoter_Villar_w_flanking,0.0141177404300053,-0.1028336138094637,0.0168762375426865,0.0474777244241619,2.967038169446638,7.822538054354671,1.0875642058860766,2.05700906127961,0.0272170256640834,0.0367289000533907,-0.116951354239469,0.9694448553935335,1.5690234864801864,2.9676367717717556,0.03926586795332077,0.05298860196433315,1.3986132852915691,5.0,6.0,5.0,5.5
Intron_UCSC_w_flanking,0.0004117728159664,-0.0633036699784965,0.0114012170394778,0.0144514334441393,1.2457912528499706,1.3708473986387553,0.219770872501628,0.315429087775914,0.0084108157529703,0.008035250134763,-0.0637154427944629,0.095658215274286,0.31706234788993937,0.45506798068644067,0.012134242176641025,0.011592415521724955,0.1380056327965013,40.0,44.0,40.0,42.0
PromoterFlanking_Hoffman_w_flanking,-0.037591040468075,-0.1617757686659179,0.0104793005835251,0.0357775594715389,1.624716979282442,2.3876918502117244,0.4853336340175178,0.8703271462539918,0.0287674304631992,0.0657970846091663,-0.12418472819784289,0.384993512236474,0.700188426973692,1.2556166578516776,0.041502629268375585,0.09492512767059577,0.5554282308779857,21.0,28.0,21.0,24.5
Promoter_UCSC_w_flanking,-0.1474970664978029,-0.2806948236876145,0.0168772188471352,0.0358952266338288,1.5857723099155108,2.701828273456223,0.4610715504321205,0.9939286821726931,0.0287194707402368,0.0459035110917346,-0.1331977571898116,0.5328571317405726,0.6651856393034059,1.4339359807678471,0.04143343801389532,0.06622476781143703,0.7687503414644412,23.0,25.0,23.0,24.0
Repressed_Hoffman_w_flanking,-0.0656907088018985,0.0179190366210743,0.0272550331002246,0.0635917062210302,0.869218164300703,0.6918660407530617,-0.1401611330953648,-0.3683629248308115,0.0127332266786449,0.0274307295983813,0.08360974542297281,-0.22820179173544672,-0.20220977164206075,-0.5314353649007658,0.018370162983796044,0.03957417755955081,-0.32922559325870504,48.0,48.0,48.0,48.0
SuperEnhancer_Hnisz_w_flanking,0.0551491665890752,0.0317924839560053,0.0123603302915388,0.0204362007719407,1.6261262629332862,2.264602550436785,0.4862006605913169,0.8173992691167143,0.012781700989846,0.0136310080079768,-0.0233566826330699,0.33119860852539745,0.701439281912031,1.179257871980947,0.01844009663217638,0.019665387655425876,0.477818590068916,20.0,31.0,20.0,25.5
TFBS_ENCODE_w_flanking,0.0143978193887148,0.0430982367194805,0.0112234887277705,0.0511336841022679,1.2755340797105768,1.8439230822890795,0.2433649769496325,0.6118954118398374,0.0104544138019829,0.0262822263756205,0.0287004173307657,0.3685304348902049,0.3511014453712917,0.8827784762040434,0.015082530947521863,0.03791723765562881,0.5316770308327516,38.0,38.0,38.0,38.0
TSS_Hoffman_w_flanking,0.0102085095487034,0.00685521872896,0.0125355884150063,0.0420650082172495,2.417651070648525,5.157509629199855,0.8827964368369302,1.640453832990098,0.0228355584732015,0.0351086153531151,-0.0033532908197434,0.7576573961531677,1.2736060415390862,2.3666746096621063,0.03294474696521776,0.050651025262417285,1.0930685681230201,7.0,12.0,7.0,9.5
Transcr_Hoffman_w_flanking,0.0363538404814297,0.0068900894472352,0.0183567828130469,0.0599443985418024,1.0226461557887958,0.934520365556897,0.022393538366666,-0.0677218593256988,0.0090125862090486,0.0303500115142277,-0.0294637510341945,-0.09011539769236479,0.03230704674954578,-0.09770199060896566,0.01300241342937868,0.04378581110249924,-0.13000903735851144,47.0,47.0,47.0,47.0
UTR_3_UCSC_w_flanking,0.0784290274824681,0.0440683502090668,0.0122849882487483,0.0256811658789773,1.8349071930972305,2.9838356842361717,0.6069939042587144,1.093209615220848,0.0302661052312543,0.0575329674449344,-0.03436067727340131,0.48621571096213356,0.8757070955238775,1.5771680905312493,0.04366475992415409,0.08300252682043303,0.7014609950073718,15.0,23.0,15.0,19.0
UTR_5_UCSC_w_flanking,0.0657007790825321,0.018251878808033,0.0126892380908379,0.0267588659902092,1.9079251013237963,3.75481389330651,0.6460163171842087,1.323038721619404,0.0274343999975226,0.0472476268881956,-0.04744890027449909,0.6770224044351952,0.9320045371350095,1.9087414025843878,0.039579472826190044,0.06816391700537185,0.9767368654493783,14.0,17.0,14.0,15.5
WeakEnhancer_Hoffman_w_flanking,-0.0165502267411611,0.0323055420640481,0.0109542346462706,0.0396775067020358,1.401495632391336,2.3021118117925234,0.337539975236356,0.8338268807068034,0.019053057608873,0.0494177465275964,0.0488557688052092,0.49628690547044746,0.48696724837527433,1.2029579057556186,0.02748775172609281,0.07129473784727113,0.7159906573803443,30.0,29.0,29.0,29.5
non_synonymous,-0.0827894034583181,0.54757779751602,0.0134138081902326,0.0338949789457422,1.6928941894300815,12.779443867274416,0.5264396023378995,2.5478379321398243,0.0429397769784873,0.0336135795172494,0.6303672009743381,2.021398329801925,0.7594918036204457,3.675753149686916,0.0619490033037417,0.048494144476062546,2.91626134606647,18.0,1.0,1.0,9.5
synonymous,-0.0830808917683445,-0.0987679644435449,0.0097883293580639,0.0362065972967171,1.412221115357377,4.564211785210341,0.3451637240895719,1.518245834343544,0.0703107516314669,0.1980405570858775,-0.015687072675200392,1.1730821102539721,0.49796599303879185,2.1903657360577578,0.1014369726998929,0.28571212960268316,1.692399743018966,29.0,14.0,14.0,21.5
