phen,phen_name_array,array_h2,array_h2_se,phen_name_imp,imp_h2,imp_h2_se,delta_h2,plot_label
albumin,ALB,0.15541,0.01081,ALB,0.1714,0.0111,0.015990000000000004,ALB
alka_phos,ALP,0.23898,0.02498,ALP,0.26326,0.02475,0.024279999999999996,ALP
asp_at,AST,0.15759,0.01169,AST,0.16689,0.01107,0.009300000000000003,AST
blood_mscv,MSCV,0.22849,0.01957,MSCV,0.25104,0.01884,0.022549999999999987,MSCV
blood_platelet,PLT,0.29564,0.02112,PLT,0.32995,0.0183,0.03431000000000001,PLT
blood_rbc_count,RBC,0.24651,0.01912,RBC,0.26793,0.01507,0.021419999999999995,RBC
bmi,BMI,0.27333,0.00986,BMI,0.30044,0.01006,0.027109999999999967,BMI
cystatin_c,CysC,0.24605,0.02019,CysC,0.28294,0.03513,0.036890000000000034,CysC
ggt,GGT,0.22256,0.01679,GGT,0.24982,0.01913,0.02725999999999998,GGT
glucose,GLU,0.0895,0.00733,GLU,0.10237,0.00741,0.012870000000000006,GLU
hba1c,HbA1c,0.24199,0.01699,HbA1c,0.26286,0.01523,0.020869999999999972,HbA1c
hdl,HDL,0.2553,0.02101,HDL,0.26937,0.01882,0.014069999999999971,HDL
height,HT,0.5465,0.0256,HT,0.59726,0.02141,0.05076000000000003,Height
ldl,LDL,0.12089,0.02405,LDL,0.1239,0.01972,0.003009999999999999,LDL
triglycerides,TG,0.20661,0.01685,TG,0.21461,0.01499,0.008000000000000007,TG
testosterone,TT,0.07968,0.00634,TT,0.08704,0.0067,0.007360000000000005,TT
urate,UA,0.19011,0.01664,UA,0.23144,0.03434,0.041330000000000006,Urate
bp_systolic,SBP,0.16144,0.0057,SBP,0.17539,0.00597,0.01394999999999999,SBP
alanine_aminotransferase,ALT,0.14983,0.01002,ALT,0.15377,0.00989,0.003939999999999999,ALT
heel_bone_mineral_density,BMD,0.3214,0.02283,BMD,0.36141,0.02345,0.04000999999999999,BMD
creatinine,CRT,0.22969,0.01095,CRT,0.24906,0.01115,0.01937,CRT
diastolic_blood_pressure,DBP,0.15254,0.0063,DBP,0.16965,0.00674,0.017109999999999986,DBP
educational_qualification,EA,0.24623,0.0077,EA,0.30704,0.00693,0.060809999999999975,Education
fluid_intelligence_score,FI,0.27138,0.00878,FI,0.33075,0.01214,0.05936999999999998,Fluid intelligence
hand_grip_strength,GRIP,0.16158,0.00542,GRIP,0.1925,0.00413,0.030920000000000003,GRIP
haemoglobin_concentration,Hb,0.19237,0.01443,Hb,0.20439,0.01027,0.012019999999999975,Hb
igf_1,IGF-1,0.26537,0.01789,IGF-1,0.27049,0.01825,0.005120000000000013,IGF-1
neuroticism_score,NEURO,0.12878,0.00443,NEURO,0.13504,0.00463,0.006259999999999988,NEURO
sleep_duration,SLP,0.07839,0.00339,SLP,0.0891,0.00336,0.010709999999999997,SLP
vitamin_d,ViTD,0.10241,0.0124,ViTD,0.11929,0.01315,0.016879999999999992,ViTD
white_blood_cell_count,WBC,0.21767,0.01174,WBC,0.24478,0.00824,0.027109999999999995,WBC
whr,WHR,0.19787,0.0069,WHR,0.21539,0.00658,0.017520000000000008,WHR
chronic_ischaemic_heart_disease_i25,CIHD,0.179856127265491,0.012539601807161,CIHD,0.2033327360300189,0.0144795850463854,0.023476608764527895,CIHD
dyslipidaemia_e78,DYSLIP,0.1875239077103183,0.0265781916439821,DYSLIP,0.1942151823998721,0.0147656620244345,0.0066912746895538,DYSLIP
hypertension_i10,HTN,0.2488398577063571,0.0101889724697387,HTN,0.2897086001284896,0.0108499659369211,0.04086874242213248,Hypertension
ever_smoked,SMK,0.1337535200805516,0.0049400817313999,SMK,0.1536429994697175,0.0059894454978738,0.01988947938916588,SMK
type2_diabetes_e11,T2D,0.2884445584563442,0.011683666796598,T2D,0.3228823277159302,0.0146529964797113,0.03443776925958597,T2D
apo_b,ApoB,0.13538,0.02788,ApoB,0.14085,0.02424,0.005470000000000003,ApoB
urea,UREA,0.13005,0.00689,UREA,0.14918,0.00624,0.019130000000000008,UREA
calcium,Ca,0.1433,0.00967,Ca,0.15833,0.00884,0.015029999999999988,Ca
