pop,phen,phen_label,numvec,h2,h2_se,ld_source,ld_components
EUR_300k,bmi,BMI,1000,0.27035,0.00695,chunk,"chunk:b=1000,seed=301000"
EUR_300k,bmi,BMI,2000,0.27048,0.00694,chunk,"chunk:b=2000,seed=302000"
EUR_300k,bmi,BMI,5000,0.27052,0.00693,chunk,"chunk:b=5000,seed=305000"
EUR_300k,bmi,BMI,8000,0.27049,0.00693,synth,1000+2000+5000
EUR_300k,bmi,BMI,10000,0.27046,0.00693,existing_or_direct,existing_or_direct:b=10000
EUR,bmi,BMI,1000,0.30547,0.06044,direct,"direct:b=1000,seed=111000"
EUR,bmi,BMI,2000,0.30602,0.06056,direct,"direct:b=2000,seed=112000"
EUR,bmi,BMI,5000,0.30793,0.06086,direct,"direct:b=5000,seed=115000"
EUR,bmi,BMI,8000,0.30637,0.06049,direct,"direct:b=8000,seed=118000"
EUR,bmi,BMI,10000,0.30704,0.06076,direct,"direct:b=10000,seed=120000"
SAS,bmi,BMI,1000,0.30965,0.0746,direct,"direct:b=1000,seed=121000"
SAS,bmi,BMI,2000,0.30874,0.0744,direct,"direct:b=2000,seed=122000"
SAS,bmi,BMI,5000,0.30877,0.07459,direct,"direct:b=5000,seed=125000"
SAS,bmi,BMI,8000,0.30859,0.07433,direct,"direct:b=8000,seed=128000"
SAS,bmi,BMI,10000,0.31006,0.07472,direct,"direct:b=10000,seed=130000"
AFR,bmi,BMI,1000,0.10233,0.12429,direct,"direct:b=1000,seed=131000"
AFR,bmi,BMI,2000,0.10455,0.12597,direct,"direct:b=2000,seed=132000"
AFR,bmi,BMI,5000,0.10306,0.12605,direct,"direct:b=5000,seed=135000"
AFR,bmi,BMI,8000,0.10086,0.12452,direct,"direct:b=8000,seed=138000"
AFR,bmi,BMI,10000,0.10065,0.12418,direct,"direct:b=10000,seed=140000"
EUR_300k,educational_qualification,EA,1000,0.25456,0.00621,chunk,"chunk:b=1000,seed=301000"
EUR_300k,educational_qualification,EA,2000,0.25467,0.0062,chunk,"chunk:b=2000,seed=302000"
EUR_300k,educational_qualification,EA,5000,0.2547,0.0062,chunk,"chunk:b=5000,seed=305000"
EUR_300k,educational_qualification,EA,8000,0.25467,0.0062,synth,1000+2000+5000
EUR_300k,educational_qualification,EA,10000,0.25465,0.0062,existing_or_direct,existing_or_direct:b=10000
EUR,educational_qualification,EA,1000,0.29474,0.05787,direct,"direct:b=1000,seed=111000"
EUR,educational_qualification,EA,2000,0.29592,0.05799,direct,"direct:b=2000,seed=112000"
EUR,educational_qualification,EA,5000,0.29678,0.05825,direct,"direct:b=5000,seed=115000"
EUR,educational_qualification,EA,8000,0.29549,0.05788,direct,"direct:b=8000,seed=118000"
EUR,educational_qualification,EA,10000,0.29669,0.05814,direct,"direct:b=10000,seed=120000"
SAS,educational_qualification,EA,1000,0.70905,0.06668,direct,"direct:b=1000,seed=121000"
SAS,educational_qualification,EA,2000,0.7079,0.06665,direct,"direct:b=2000,seed=122000"
SAS,educational_qualification,EA,5000,0.7085,0.06675,direct,"direct:b=5000,seed=125000"
SAS,educational_qualification,EA,8000,0.70766,0.06662,direct,"direct:b=8000,seed=128000"
SAS,educational_qualification,EA,10000,0.71103,0.0669,direct,"direct:b=10000,seed=130000"
AFR,educational_qualification,EA,1000,0.16837,0.14503,direct,"direct:b=1000,seed=131000"
AFR,educational_qualification,EA,2000,0.17113,0.14654,direct,"direct:b=2000,seed=132000"
AFR,educational_qualification,EA,5000,0.17078,0.14672,direct,"direct:b=5000,seed=135000"
AFR,educational_qualification,EA,8000,0.16912,0.14525,direct,"direct:b=8000,seed=138000"
AFR,educational_qualification,EA,10000,0.16886,0.1447,direct,"direct:b=10000,seed=140000"
EUR_300k,height,HT,1000,0.55297,0.02184,chunk,"chunk:b=1000,seed=301000"
EUR_300k,height,HT,2000,0.55319,0.02185,chunk,"chunk:b=2000,seed=302000"
EUR_300k,height,HT,5000,0.55331,0.02183,chunk,"chunk:b=5000,seed=305000"
EUR_300k,height,HT,8000,0.55324,0.02184,synth,1000+2000+5000
EUR_300k,height,HT,10000,0.55316,0.02183,existing_or_direct,existing_or_direct:b=10000
EUR,height,HT,1000,0.62096,0.06565,direct,"direct:b=1000,seed=111000"
EUR,height,HT,2000,0.62338,0.06587,direct,"direct:b=2000,seed=112000"
EUR,height,HT,5000,0.6263,0.06619,direct,"direct:b=5000,seed=115000"
EUR,height,HT,8000,0.62326,0.06573,direct,"direct:b=8000,seed=118000"
EUR,height,HT,10000,0.62534,0.06605,direct,"direct:b=10000,seed=120000"
SAS,height,HT,1000,0.51516,0.06842,direct,"direct:b=1000,seed=121000"
SAS,height,HT,2000,0.51471,0.06838,direct,"direct:b=2000,seed=122000"
SAS,height,HT,5000,0.5157,0.06841,direct,"direct:b=5000,seed=125000"
SAS,height,HT,8000,0.51331,0.06818,direct,"direct:b=8000,seed=128000"
SAS,height,HT,10000,0.51643,0.06853,direct,"direct:b=10000,seed=130000"
AFR,height,HT,1000,0.63394,0.16297,direct,"direct:b=1000,seed=131000"
AFR,height,HT,2000,0.64223,0.16489,direct,"direct:b=2000,seed=132000"
AFR,height,HT,5000,0.63741,0.1648,direct,"direct:b=5000,seed=135000"
AFR,height,HT,8000,0.63538,0.1632,direct,"direct:b=8000,seed=138000"
AFR,height,HT,10000,0.63352,0.16268,direct,"direct:b=10000,seed=140000"
