pop,cohort,cov_label,numvec,seed,ref_numvec,n_ref_seeds,n_snps,rel_rmse_pct,rel_mae_pct,rel_sum_error_pct
EUR_300k,EUR (300k),10pc,10,0,10000,10,454207,73.03218014727827,49.97437925490683,-1.1750024452135996
EUR_300k,EUR (300k),10pc,10,1,10000,10,454207,72.5722796460445,50.15845588952944,0.19010671963749223
EUR_300k,EUR (300k),10pc,10,2,10000,10,454207,72.26902949169883,49.909230256420386,-0.36264159360638343
EUR_300k,EUR (300k),10pc,10,3,10000,10,454207,71.4385269578688,49.93578577335171,-0.3399114385989638
EUR_300k,EUR (300k),10pc,10,4,10000,10,454207,74.99190311266895,50.402918615941275,-0.6644066553316182
EUR_300k,EUR (300k),10pc,10,5,10000,10,454207,74.27269667976269,50.270018181216145,0.3271824626151006
EUR_300k,EUR (300k),10pc,10,6,10000,10,454207,76.51538218445461,50.460433410815455,-0.28296560615622673
EUR_300k,EUR (300k),10pc,10,7,10000,10,454207,74.36214920404637,50.03849302414985,0.8758730695799091
EUR_300k,EUR (300k),10pc,10,8,10000,10,454207,70.40057280694838,49.74484363347437,-0.6788814684617128
EUR_300k,EUR (300k),10pc,10,9,10000,10,454207,75.11363048208793,50.41329275020352,-0.33906607803368993
EUR_300k,EUR (300k),10pc,10,10,10000,10,454207,73.4801426491791,50.203897851124346,0.6476827053313134
EUR_300k,EUR (300k),10pc,10,11,10000,10,454207,73.79321625437937,49.99976266190699,-0.29227868753250746
EUR_300k,EUR (300k),10pc,10,12,10000,10,454207,72.70788669578202,50.14961384674396,-1.3672257721830439
EUR_300k,EUR (300k),10pc,10,13,10000,10,454207,78.61499939437586,50.32905904346085,0.008959100471446572
EUR_300k,EUR (300k),10pc,10,14,10000,10,454207,75.44402123384415,50.63098763247053,0.15317393350646785
EUR_300k,EUR (300k),10pc,10,15,10000,10,454207,72.81932321497582,50.02684134144487,0.1070366048746328
EUR_300k,EUR (300k),10pc,10,16,10000,10,454207,76.34499292098306,50.421488971547234,0.42954104144555694
EUR_300k,EUR (300k),10pc,10,17,10000,10,454207,73.90419928094576,50.46998310339513,-0.33800351334164763
EUR_300k,EUR (300k),10pc,10,18,10000,10,454207,75.78574559947727,50.147957783086,0.5625055220840057
EUR_300k,EUR (300k),10pc,10,19,10000,10,454207,71.40671508662045,50.018019309074035,0.12981403572075004
EUR_300k,EUR (300k),10pc,10,20,10000,10,454207,74.08785483842915,50.41024794726009,0.053097155010213566
EUR_300k,EUR (300k),10pc,10,21,10000,10,454207,71.19827098786908,49.85873588762222,-0.384855677252009
EUR_300k,EUR (300k),10pc,10,22,10000,10,454207,72.6995349899965,50.20792073214464,-0.28634050941186184
EUR_300k,EUR (300k),10pc,10,23,10000,10,454207,72.32436776235308,50.29485776096547,0.2313947968175204
EUR_300k,EUR (300k),10pc,10,24,10000,10,454207,74.23210387779775,50.13397037095254,-0.8144628241411174
EUR_300k,EUR (300k),10pc,100,0,10000,10,454207,23.60155757020899,16.111549916848144,-0.1995733944012663
EUR_300k,EUR (300k),10pc,100,1,10000,10,454207,23.336025882958637,16.057175123731717,-0.2497468707141825
EUR_300k,EUR (300k),10pc,100,2,10000,10,454207,23.84769744236515,16.211504476314218,0.24675907550007317
EUR_300k,EUR (300k),10pc,100,3,10000,10,454207,22.662334520284546,15.99957531743529,-0.22676824921827823
EUR_300k,EUR (300k),10pc,100,4,10000,10,454207,22.764924001692695,16.063088571525366,-0.05688840994596762
EUR_300k,EUR (300k),10pc,100,5,10000,10,454207,22.424732528055806,16.02960333202046,-0.10383001498955495
EUR_300k,EUR (300k),10pc,100,6,10000,10,454207,22.377367980411695,16.006365935069674,-0.26405814557967733
EUR_300k,EUR (300k),10pc,100,7,10000,10,454207,24.018261410862987,16.17807717436992,0.29440175736807234
EUR_300k,EUR (300k),10pc,100,8,10000,10,454207,25.071529869723605,16.20037586264651,-0.17924377263738325
EUR_300k,EUR (300k),10pc,100,9,10000,10,454207,22.28384946088648,16.024185073046564,0.22824171083358405
EUR_300k,EUR (300k),10pc,100,10,10000,10,454207,23.51800772042087,16.173180463925924,0.012847421135149965
EUR_300k,EUR (300k),10pc,100,11,10000,10,454207,23.422634923161088,16.169967967755426,0.08141298837173082
EUR_300k,EUR (300k),10pc,100,12,10000,10,454207,24.432674799076548,16.15929654650463,-0.31055651257357053
EUR_300k,EUR (300k),10pc,100,13,10000,10,454207,23.427039730076256,16.17941261742742,-0.05416439219626065
EUR_300k,EUR (300k),10pc,100,14,10000,10,454207,23.44482917557169,16.104346657207,0.15432836764914207
EUR_300k,EUR (300k),10pc,100,15,10000,10,454207,24.541647241503714,16.14950143348428,0.031846860172168104
EUR_300k,EUR (300k),10pc,100,16,10000,10,454207,23.299435646701763,16.19751875578906,0.12740511322945164
EUR_300k,EUR (300k),10pc,100,17,10000,10,454207,24.328579486958954,16.192134273215334,0.10902783935566705
EUR_300k,EUR (300k),10pc,100,18,10000,10,454207,22.743752378725283,16.053708314038936,0.006172423457300238
EUR_300k,EUR (300k),10pc,100,19,10000,10,454207,24.72091755736735,16.19873536282583,0.21803071061618745
EUR_300k,EUR (300k),10pc,100,20,10000,10,454207,25.626433915134346,16.21575048806187,0.01175585988933727
EUR_300k,EUR (300k),10pc,100,21,10000,10,454207,22.49548933906323,16.02824937558414,-0.40588709918060273
EUR_300k,EUR (300k),10pc,100,22,10000,10,454207,23.5248515547946,16.08529201161941,-0.2133165242322976
EUR_300k,EUR (300k),10pc,100,23,10000,10,454207,23.55313308770614,16.15736156164407,0.2206536697339468
EUR_300k,EUR (300k),10pc,100,24,10000,10,454207,23.37844781986705,16.12929014845288,-0.17790324262915325
EUR_300k,EUR (300k),10pc,1000,0,10000,10,454207,8.541416846740926,5.15943279368047,0.018955028012027975
EUR_300k,EUR (300k),10pc,1000,1,10000,10,454207,7.193125641609056,5.074217682751047,-0.003519813787782761
EUR_300k,EUR (300k),10pc,1000,2,10000,10,454207,7.16197610368707,5.053968445932243,-0.029706415546895584
EUR_300k,EUR (300k),10pc,1000,3,10000,10,454207,7.178157171726732,5.066227020481357,0.00012619295339169126
EUR_300k,EUR (300k),10pc,1000,4,10000,10,454207,7.5055245632671905,5.100279607780458,-0.08689497455302347
EUR_300k,EUR (300k),10pc,1000,5,10000,10,454207,7.464410848592304,5.102083614290161,0.05120917739392836
EUR_300k,EUR (300k),10pc,1000,6,10000,10,454207,7.671691284918007,5.105336656365157,0.0103334436348464
EUR_300k,EUR (300k),10pc,1000,7,10000,10,454207,7.238964135883145,5.071383559918488,0.02337765605971623
EUR_300k,EUR (300k),10pc,1000,8,10000,10,454207,7.194263390957848,5.066606732915782,-0.022685048732494145
EUR_300k,EUR (300k),10pc,1000,9,10000,10,454207,7.246296772341245,5.068590351332758,0.08421116284572072
EUR_300k,EUR (300k),10pc,1000,10,10000,10,454207,7.190060806921404,5.095522632594991,0.018578463091661602
EUR_300k,EUR (300k),10pc,1000,11,10000,10,454207,7.600259027421601,5.136265170856659,-0.04541987154201209
EUR_300k,EUR (300k),10pc,1000,12,10000,10,454207,7.1640014663242315,5.101557099689202,-0.05671966425305639
EUR_300k,EUR (300k),10pc,1000,13,10000,10,454207,7.125776179875017,5.09839169748342,0.004257866880420432
EUR_300k,EUR (300k),10pc,1000,14,10000,10,454207,7.376375751514294,5.133759188937911,0.022945940696366535
EUR_300k,EUR (300k),10pc,1000,15,10000,10,454207,7.480282726834083,5.147640477729439,-0.05815325904212516
EUR_300k,EUR (300k),10pc,1000,16,10000,10,454207,7.3476280999075065,5.135199059354013,0.012705882626128309
EUR_300k,EUR (300k),10pc,1000,17,10000,10,454207,7.604153069520637,5.1392737438439555,0.0495861460663534
EUR_300k,EUR (300k),10pc,1000,18,10000,10,454207,7.563941806067237,5.134996589919569,-0.07840479759522752
EUR_300k,EUR (300k),10pc,1000,19,10000,10,454207,7.385297008485998,5.115448527832915,-0.02941130905952693
EUR_300k,EUR (300k),10pc,1000,20,10000,10,454207,7.292421466231871,5.111321408761864,0.009488207373635755
EUR_300k,EUR (300k),10pc,1000,21,10000,10,454207,7.5669403445019805,5.1393437165041,0.011876055443626344
EUR_300k,EUR (300k),10pc,1000,22,10000,10,454207,7.3738475397215675,5.13475389680856,-0.017413791652528435
EUR_300k,EUR (300k),10pc,1000,23,10000,10,454207,7.3127097297882155,5.110953398681933,-0.0007982666432339303
EUR_300k,EUR (300k),10pc,1000,24,10000,10,454207,7.567259366178199,5.149892037749781,-0.05846500704682672
EUR_300k,EUR (300k),10pc,10000,0,10000,10,454207,2.203957848339594,1.533148746410129,-0.014480482281094881
EUR_300k,EUR (300k),10pc,10000,1,10000,10,454207,2.3034958323971386,1.5393582416975655,-0.0118886859599193
EUR_300k,EUR (300k),10pc,10000,2,10000,10,454207,2.2151807954168623,1.5360914414730849,-0.001016639776998289
EUR_300k,EUR (300k),10pc,10000,3,10000,10,454207,2.2481703314069463,1.5326637545977375,0.037158149756235236
EUR_300k,EUR (300k),10pc,10000,4,10000,10,454207,2.2515177291831403,1.5399659314887775,-0.013549374973827289
EUR_300k,EUR (300k),10pc,10000,5,10000,10,454207,2.1508261596360536,1.52481865781493,-0.023823330652843644
EUR_300k,EUR (300k),10pc,10000,6,10000,10,454207,2.3812585224244245,1.5460702912741593,0.01404286204586556
EUR_300k,EUR (300k),10pc,10000,7,10000,10,454207,2.1463349879126423,1.5273620566843789,0.019087007839613042
EUR_300k,EUR (300k),10pc,10000,8,10000,10,454207,2.1872224941617935,1.5313792187528765,-0.041620682043417456
EUR_300k,EUR (300k),10pc,10000,9,10000,10,454207,2.296094389687189,1.5421731632499132,0.03609117604614584
EUR,EUR,10pc,10,0,10000,25,454207,597.211508095053,469.4112411328129,-9.087376987065158
EUR,EUR,10pc,10,1,10000,25,454207,605.6622573649,474.5403781664438,3.03992528523854
EUR,EUR,10pc,10,2,10000,25,454207,593.0098975025717,467.7040455972369,-20.977704657849312
EUR,EUR,10pc,10,3,10000,25,454207,603.2232887017685,472.7699834119801,-2.956732680029952
EUR,EUR,10pc,10,4,10000,25,454207,605.8338050558991,474.44793028633717,1.3451165573131612
EUR,EUR,10pc,10,5,10000,25,454207,602.7473263956341,472.70419490305443,-1.9675091303459655
EUR,EUR,10pc,10,6,10000,25,454207,604.686570915435,473.4819841984267,-1.5971181454787193
EUR,EUR,10pc,10,7,10000,25,454207,604.9597083505171,472.90764807903514,-3.442126235875603
EUR,EUR,10pc,10,8,10000,25,454207,604.7714664259166,473.9593608475316,-1.4151968537556407
EUR,EUR,10pc,10,9,10000,25,454207,612.0374805239278,477.8562425477912,16.826787438566416
EUR,EUR,10pc,10,10,10000,25,454207,603.7146236147273,473.1338374654924,-1.1021955253299518
EUR,EUR,10pc,10,11,10000,25,454207,602.1218125726826,472.13060538803956,-5.766526746488481
EUR,EUR,10pc,10,12,10000,25,454207,599.3881656462169,471.48759745174516,-12.53565194957848
EUR,EUR,10pc,10,13,10000,25,454207,603.9477585793311,473.3022826898679,-1.9200189659171882
EUR,EUR,10pc,10,14,10000,25,454207,605.4200623846132,474.1006001584781,-1.7150564173473526
EUR,EUR,10pc,10,15,10000,25,454207,607.1222367083722,474.57295513594283,5.398353911492185
EUR,EUR,10pc,10,16,10000,25,454207,604.2700744797497,472.9801583972633,2.7119284818490894
EUR,EUR,10pc,10,17,10000,25,454207,597.9367364889877,470.17696916587084,-13.278719101745704
EUR,EUR,10pc,10,18,10000,25,454207,603.9829168962917,473.0947295919765,4.48237544740861
EUR,EUR,10pc,10,19,10000,25,454207,598.301869442825,470.17401440477516,-11.786721184281895
EUR,EUR,10pc,10,20,10000,25,454207,605.2401706974989,474.42057971592703,6.191902156152328
EUR,EUR,10pc,10,21,10000,25,454207,602.9181218628746,473.5889549964418,-4.530051715180345
EUR,EUR,10pc,10,22,10000,25,454207,602.8884192099085,472.64476050702854,-4.760446410804717
EUR,EUR,10pc,10,23,10000,25,454207,604.2486297367196,473.27101854639125,1.6696199745651976
EUR,EUR,10pc,10,24,10000,25,454207,602.165107106905,472.2142927348104,-5.604781732249626
EUR,EUR,10pc,100,0,10000,25,454207,190.71773358313425,151.80088254549727,-0.014504060299912818
EUR,EUR,10pc,100,1,10000,25,454207,190.9040449841377,151.860829980205,-2.156072262353411
EUR,EUR,10pc,100,2,10000,25,454207,190.8062445616752,151.67672940818574,0.9160375871823391
EUR,EUR,10pc,100,3,10000,25,454207,191.71880705629357,152.27411611038193,1.31655989473352
EUR,EUR,10pc,100,4,10000,25,454207,191.12661348813765,151.9609195693348,1.9082120328138208
EUR,EUR,10pc,100,5,10000,25,454207,190.7177127667037,151.70947714961596,0.794747975693568
EUR,EUR,10pc,100,6,10000,25,454207,190.07199111903165,151.34868061376565,-2.4609283893331253
EUR,EUR,10pc,100,7,10000,25,454207,191.36827786897456,152.16756222064782,1.1506702763437777
EUR,EUR,10pc,100,8,10000,25,454207,192.0828266655612,152.65973871131982,-0.29611509698391086
EUR,EUR,10pc,100,9,10000,25,454207,191.9755070827175,152.59724689789584,5.896044527988166
EUR,EUR,10pc,100,10,10000,25,454207,191.4803176322095,152.21594294614533,1.1169783207086226
EUR,EUR,10pc,100,11,10000,25,454207,191.12095526791876,152.1681012718813,-1.1716975553791487
EUR,EUR,10pc,100,12,10000,25,454207,190.6631517116149,151.70464580090504,-0.4422610519379291
EUR,EUR,10pc,100,13,10000,25,454207,191.05247743357248,151.95133033067006,-2.193538630799846
EUR,EUR,10pc,100,14,10000,25,454207,190.77281759500852,151.95132328493423,-3.7296800150309375
EUR,EUR,10pc,100,15,10000,25,454207,191.9108223622254,152.4738274052226,-0.4327381403175484
EUR,EUR,10pc,100,16,10000,25,454207,191.1657167981393,151.99684703707868,-0.39790423825013654
EUR,EUR,10pc,100,17,10000,25,454207,191.29426180712656,152.09717200821424,1.7228658469093983
EUR,EUR,10pc,100,18,10000,25,454207,190.80334611105087,151.74714308132306,0.9754648088759968
EUR,EUR,10pc,100,19,10000,25,454207,191.00869800473683,152.01902233531098,-3.0042607200936153
EUR,EUR,10pc,100,20,10000,25,454207,190.93952458988076,151.5836064798749,4.633399193292368
EUR,EUR,10pc,100,21,10000,25,454207,189.85879106355625,151.4292944404421,-4.409403238182141
EUR,EUR,10pc,100,22,10000,25,454207,190.6571606382,151.63364077344133,-1.2275344679861717
EUR,EUR,10pc,100,23,10000,25,454207,191.47969431678055,152.0840924351645,-0.5522460098679268
EUR,EUR,10pc,100,24,10000,25,454207,191.19563877287993,151.96333284161483,0.0582011054225677
EUR,EUR,10pc,1000,0,10000,25,454207,60.450008063152666,48.05770859276314,0.7641064504066898
EUR,EUR,10pc,1000,1,10000,25,454207,60.35439931654307,48.0490239631646,0.1724442693346737
EUR,EUR,10pc,1000,2,10000,25,454207,60.28139704042792,47.99807028899104,-0.943151391163593
EUR,EUR,10pc,1000,3,10000,25,454207,60.278266330718054,48.03089925004686,0.36791169663138507
EUR,EUR,10pc,1000,4,10000,25,454207,60.362051763759105,48.09075188123241,-0.9520578890544682
EUR,EUR,10pc,1000,5,10000,25,454207,60.65089601917871,48.20111718037632,0.9136985601341246
EUR,EUR,10pc,1000,6,10000,25,454207,60.44549467660868,48.052000549202376,1.2228389836961322
EUR,EUR,10pc,1000,7,10000,25,454207,60.331942121070064,48.00053005565684,0.44621570826239454
EUR,EUR,10pc,1000,8,10000,25,454207,60.31555672064407,48.0234320230406,0.6392933499739412
EUR,EUR,10pc,1000,9,10000,25,454207,60.44257771840719,48.10425693570984,0.7744988134447199
EUR,EUR,10pc,1000,10,10000,25,454207,60.00420189369196,47.84493462624963,-0.3664945284348482
EUR,EUR,10pc,1000,11,10000,25,454207,60.25828377951866,48.021660723595964,0.6392216682990695
EUR,EUR,10pc,1000,12,10000,25,454207,60.195762234386194,47.940607007904916,-0.01769560014416307
EUR,EUR,10pc,1000,13,10000,25,454207,60.44677286793185,48.109943469611075,1.146891298071544
EUR,EUR,10pc,1000,14,10000,25,454207,60.337950910934985,48.02469530053911,-0.07884284403115382
EUR,EUR,10pc,1000,15,10000,25,454207,60.394968376696085,48.09654177583859,0.37743203404481784
EUR,EUR,10pc,1000,16,10000,25,454207,60.413463464772796,48.02656646577016,-0.10925234057666813
EUR,EUR,10pc,1000,17,10000,25,454207,60.47577172140391,48.10431402564822,0.719050354082022
EUR,EUR,10pc,1000,18,10000,25,454207,60.275196001192676,48.005270772069885,0.6184549101257316
EUR,EUR,10pc,1000,19,10000,25,454207,60.388262668459284,48.12202657645398,-1.6133322708669842
EUR,EUR,10pc,1000,20,10000,25,454207,60.21101114139459,47.9621690560258,-0.09027525716412449
EUR,EUR,10pc,1000,21,10000,25,454207,60.26629695367293,47.991148497960005,1.0432665114631465
EUR,EUR,10pc,1000,22,10000,25,454207,60.509563197634655,48.068428583792105,0.6997265413165638
EUR,EUR,10pc,1000,23,10000,25,454207,60.260722942332016,48.00441210907651,-0.8233255658195916
EUR,EUR,10pc,1000,24,10000,25,454207,60.21218525113397,47.983604509804266,-0.35415598403637744
EUR,EUR,10pc,10000,0,10000,25,454207,18.796858564169373,14.91980456711593,-0.15194761444627716
EUR,EUR,10pc,10000,1,10000,25,454207,18.72752741935419,14.915711043751722,-0.08486423872253418
EUR,EUR,10pc,10000,2,10000,25,454207,18.75048626009244,14.924862889842874,0.11298797770620299
EUR,EUR,10pc,10000,3,10000,25,454207,18.74334054809921,14.917842130835098,0.20832094060550235
EUR,EUR,10pc,10000,4,10000,25,454207,18.74807011667828,14.922746619807034,-0.05606726318862583
EUR,EUR,10pc,10000,5,10000,25,454207,18.700600118712273,14.892660368972209,-0.05389503749885195
EUR,EUR,10pc,10000,6,10000,25,454207,18.711787794174988,14.88963090957129,0.1502490799380384
EUR,EUR,10pc,10000,7,10000,25,454207,18.715115589979394,14.92145514044359,-0.06627644199637782
EUR,EUR,10pc,10000,8,10000,25,454207,18.67680334728374,14.876417933441516,-0.003621026170735902
EUR,EUR,10pc,10000,9,10000,25,454207,18.84039403477988,14.94828215007647,-0.1670237102451918
EUR,EUR,10pc,10000,10,10000,25,454207,18.712366802672975,14.910463139360404,-0.3624879638895055
EUR,EUR,10pc,10000,11,10000,25,454207,18.700543680204536,14.88985640665382,0.3170401324976982
EUR,EUR,10pc,10000,12,10000,25,454207,18.681297615994044,14.886638826747825,-0.032733405991074285
EUR,EUR,10pc,10000,13,10000,25,454207,18.743339202095083,14.937081650734864,-0.032389040826264884
EUR,EUR,10pc,10000,14,10000,25,454207,18.722494607031106,14.90045801906441,-0.11390297397368628
EUR,EUR,10pc,10000,15,10000,25,454207,18.756227999069466,14.94488592452899,0.004321034383475165
EUR,EUR,10pc,10000,16,10000,25,454207,18.683513653485818,14.883457603678126,0.07704068361843183
EUR,EUR,10pc,10000,17,10000,25,454207,18.727967167933016,14.912902610951289,0.21640388736980243
EUR,EUR,10pc,10000,18,10000,25,454207,18.664854924386468,14.873830504249621,0.18588066934728192
EUR,EUR,10pc,10000,19,10000,25,454207,18.704493099581104,14.8957831806022,-0.15949423137135726
EUR,EUR,10pc,10000,20,10000,25,454207,18.812960625474197,14.950419554296285,0.3022729722700943
EUR,EUR,10pc,10000,21,10000,25,454207,18.63681011851173,14.845301798759154,-0.19267842423739792
EUR,EUR,10pc,10000,22,10000,25,454207,18.73569601865897,14.926725923844252,0.2812118606269453
EUR,EUR,10pc,10000,23,10000,25,454207,18.759068969145098,14.926205030442054,-0.2599840027281302
EUR,EUR,10pc,10000,24,10000,25,454207,18.759774791620735,14.93012160435776,-0.11836386307829791
SAS,SAS,25pc,10,0,10000,25,448403,643.5373350056444,503.43541178306293,-5.646012789199802
SAS,SAS,25pc,10,1,10000,25,448403,645.0688390165092,504.84643083228184,-0.011679641602010347
SAS,SAS,25pc,10,2,10000,25,448403,647.8226940681178,507.07297463743623,7.212092461747424
SAS,SAS,25pc,10,3,10000,25,448403,643.9399983512011,505.00515020728284,-3.8930283116808213
SAS,SAS,25pc,10,4,10000,25,448403,646.1838123359312,504.40334442410483,-0.734813564239875
SAS,SAS,25pc,10,5,10000,25,448403,638.6897836864642,501.63652490547054,-6.696318373910967
SAS,SAS,25pc,10,6,10000,25,448403,649.9322435463547,506.7266423147139,8.595535785343609
SAS,SAS,25pc,10,7,10000,25,448403,650.5668886019556,507.90756600814495,8.838790175647665
SAS,SAS,25pc,10,8,10000,25,448403,646.6305603541832,505.6601987982528,12.138003134073344
SAS,SAS,25pc,10,9,10000,25,448403,640.8884754165025,502.9579929873791,-6.307754877213285
SAS,SAS,25pc,10,10,10000,25,448403,641.9286451988289,503.4087348186321,-8.180112888881375
SAS,SAS,25pc,10,11,10000,25,448403,652.7306365174098,508.9119124835823,11.1397265704893
SAS,SAS,25pc,10,12,10000,25,448403,643.4477229592015,504.4748162551304,0.3184055154816525
SAS,SAS,25pc,10,13,10000,25,448403,650.2107853432715,507.22723907837695,9.224214079627597
SAS,SAS,25pc,10,14,10000,25,448403,646.5507403505133,505.0163569507141,3.9859656820243634
SAS,SAS,25pc,10,15,10000,25,448403,649.365057832026,507.3117941904355,8.82099581989346
SAS,SAS,25pc,10,16,10000,25,448403,652.4566385447728,508.72440895951644,9.323960384550736
SAS,SAS,25pc,10,17,10000,25,448403,638.3739641265611,501.87682416502446,-13.468601030535774
SAS,SAS,25pc,10,18,10000,25,448403,641.3825705907037,501.93505787974135,-9.129890777645269
SAS,SAS,25pc,10,19,10000,25,448403,639.4858781927024,501.9788584638908,-19.64471012265901
SAS,SAS,25pc,10,20,10000,25,448403,649.5049666029844,507.4003262407277,8.796370104113473
SAS,SAS,25pc,10,21,10000,25,448403,637.8964344568133,501.1880344756358,-15.839913106399871
SAS,SAS,25pc,10,22,10000,25,448403,645.9280645944848,505.8598903825419,-0.6293864187033571
SAS,SAS,25pc,10,23,10000,25,448403,655.5463457611896,507.4153752181161,4.70533966340861
SAS,SAS,25pc,10,24,10000,25,448403,646.5610022841535,505.6335662337345,3.284226438701457
SAS,SAS,25pc,100,0,10000,25,448403,204.3237613883342,162.43423588990368,0.9746625320585878
SAS,SAS,25pc,100,1,10000,25,448403,204.928900572666,162.17167547719103,-2.62367665542959
SAS,SAS,25pc,100,2,10000,25,448403,204.80093857062005,162.1804346290059,1.473403197040736
SAS,SAS,25pc,100,3,10000,25,448403,203.66530899054598,161.8588216088765,0.1482070355545804
SAS,SAS,25pc,100,4,10000,25,448403,205.1170135825101,162.33370226269648,2.001259928189716
SAS,SAS,25pc,100,5,10000,25,448403,203.9233717631825,162.1120480517396,-2.102835867465529
SAS,SAS,25pc,100,6,10000,25,448403,209.7315096121586,162.67013990835213,0.8263714743346638
SAS,SAS,25pc,100,7,10000,25,448403,203.12684548202932,161.6855525681902,-4.722440333318752
SAS,SAS,25pc,100,8,10000,25,448403,203.40301533304273,161.63768354608388,0.342805758192668
SAS,SAS,25pc,100,9,10000,25,448403,204.15523851230347,162.083579734004,1.355003482564272
SAS,SAS,25pc,100,10,10000,25,448403,203.2148266041808,161.6175878133712,-3.8327956520969018
SAS,SAS,25pc,100,11,10000,25,448403,204.73142819556872,162.37220082054307,3.5798934944545944
SAS,SAS,25pc,100,12,10000,25,448403,204.61654321575705,162.32505469443024,0.6651694893910615
SAS,SAS,25pc,100,13,10000,25,448403,204.14748218902048,162.28483514344055,3.621940915144396
SAS,SAS,25pc,100,14,10000,25,448403,203.83486986846654,161.88773665591265,0.020693796025102087
SAS,SAS,25pc,100,15,10000,25,448403,205.00289518736614,162.58360113988113,1.497121097617776
SAS,SAS,25pc,100,16,10000,25,448403,204.06052269407743,162.16925447475396,0.15629439545167123
SAS,SAS,25pc,100,17,10000,25,448403,203.0712377327993,161.57843581636595,-6.422250654638891
SAS,SAS,25pc,100,18,10000,25,448403,204.81064051523762,162.42224294287197,4.665247318307935
SAS,SAS,25pc,100,19,10000,25,448403,203.31165098870193,161.85002710578274,-1.8731135550179048
SAS,SAS,25pc,100,20,10000,25,448403,203.00345754934574,161.65580848439356,-1.899329433861075
SAS,SAS,25pc,100,21,10000,25,448403,204.24212973009963,162.3233001466324,1.9712827177603893
SAS,SAS,25pc,100,22,10000,25,448403,204.16654640161093,161.96545945147145,-0.44944220614682084
SAS,SAS,25pc,100,23,10000,25,448403,204.60203147930065,162.34573648136166,2.15538036300911
SAS,SAS,25pc,100,24,10000,25,448403,203.80215077289296,161.9733515308796,0.5562023221672261
SAS,SAS,25pc,1000,0,10000,25,448403,64.9706650157884,51.41795609741546,0.6015067545591465
SAS,SAS,25pc,1000,1,10000,25,448403,64.39896685516021,51.23573651772479,-0.07922901567753947
SAS,SAS,25pc,1000,2,10000,25,448403,65.00171717707619,51.28546587445723,-0.34025844874749767
SAS,SAS,25pc,1000,3,10000,25,448403,64.26073101758423,51.17832696653685,0.2078044557807754
SAS,SAS,25pc,1000,4,10000,25,448403,64.67330463684365,51.40907729845979,1.0746984034107585
SAS,SAS,25pc,1000,5,10000,25,448403,64.76062382990098,51.428341947111115,0.8587854895523137
SAS,SAS,25pc,1000,6,10000,25,448403,64.25360947541114,51.14894474922768,-1.4387680912099041
SAS,SAS,25pc,1000,7,10000,25,448403,64.49345887509956,51.34836149629112,0.4049323810383626
SAS,SAS,25pc,1000,8,10000,25,448403,64.1435146576903,51.08365121750095,0.3182235623704352
SAS,SAS,25pc,1000,9,10000,25,448403,64.18948841007402,51.10334095252202,1.3541211464076606
SAS,SAS,25pc,1000,10,10000,25,448403,64.61376163025872,51.38435647867849,-0.7239050144397395
SAS,SAS,25pc,1000,11,10000,25,448403,65.00480833453827,51.453267951644364,0.14896999444081216
SAS,SAS,25pc,1000,12,10000,25,448403,64.17670420040434,51.042294330031005,-0.5302729161552051
SAS,SAS,25pc,1000,13,10000,25,448403,64.24072747846955,51.18217635171956,1.1717467131399832
SAS,SAS,25pc,1000,14,10000,25,448403,64.28583949620295,51.18294415466773,0.734229323251999
SAS,SAS,25pc,1000,15,10000,25,448403,64.32205460803652,51.19237393396072,-0.4275239699772841
SAS,SAS,25pc,1000,16,10000,25,448403,64.17176574320091,51.117453663953974,0.02273902894268425
SAS,SAS,25pc,1000,17,10000,25,448403,64.19507327428956,51.16121819361199,-1.263366871817756
SAS,SAS,25pc,1000,18,10000,25,448403,64.46398219931305,51.23692759362056,0.32510966556614906
SAS,SAS,25pc,1000,19,10000,25,448403,64.08939151019185,51.054366626259934,-1.2622384632376307
SAS,SAS,25pc,1000,20,10000,25,448403,65.89976717734388,51.48867854067396,-0.9104458372590446
SAS,SAS,25pc,1000,21,10000,25,448403,64.48062969344507,51.259910612085825,-1.3374427434150797
SAS,SAS,25pc,1000,22,10000,25,448403,64.11029955086623,51.08734002254813,-0.11495013680819273
SAS,SAS,25pc,1000,23,10000,25,448403,65.1208450882367,51.41436963867354,1.6719092562542937
SAS,SAS,25pc,1000,24,10000,25,448403,64.12860752185323,51.064785472184354,-0.5828440178428052
SAS,SAS,25pc,10000,0,10000,25,448403,19.913224665672494,15.866848173999301,-0.22858121567921816
SAS,SAS,25pc,10000,1,10000,25,448403,20.052557260363702,15.919928806241147,-0.15959012965360178
SAS,SAS,25pc,10000,2,10000,25,448403,19.91046597129565,15.86970982833255,0.10946989093576619
SAS,SAS,25pc,10000,3,10000,25,448403,19.971400780781146,15.899914965736333,-0.4080918566582844
SAS,SAS,25pc,10000,4,10000,25,448403,20.112747481277548,15.963296825995458,-0.0615187361425457
SAS,SAS,25pc,10000,5,10000,25,448403,19.965539743111062,15.90648344626537,0.06132309912634741
SAS,SAS,25pc,10000,6,10000,25,448403,20.011097674450255,15.922696818416009,-0.1768728058232048
SAS,SAS,25pc,10000,7,10000,25,448403,20.18958619971755,15.918812458812349,0.07136769331860605
SAS,SAS,25pc,10000,8,10000,25,448403,20.020605390731422,15.894903086131372,-0.17748756712919295
SAS,SAS,25pc,10000,9,10000,25,448403,19.86443318096102,15.833107728812926,0.09019349418286288
SAS,SAS,25pc,10000,10,10000,25,448403,19.97716567634566,15.92830885663305,0.05925994297527441
SAS,SAS,25pc,10000,11,10000,25,448403,19.93943221016551,15.86606346228299,0.49205653735952365
SAS,SAS,25pc,10000,12,10000,25,448403,19.931246991913085,15.876236516596604,-0.12407651664566682
SAS,SAS,25pc,10000,13,10000,25,448403,20.02422025128461,15.946730118740724,0.48806791395080706
SAS,SAS,25pc,10000,14,10000,25,448403,20.05914170743811,15.937060933885673,-0.2390630753784508
SAS,SAS,25pc,10000,15,10000,25,448403,20.026099480529357,15.931985070877682,-0.2734542786985343
SAS,SAS,25pc,10000,16,10000,25,448403,20.00308981534393,15.90531842695665,-0.005749855964112644
SAS,SAS,25pc,10000,17,10000,25,448403,20.130285407097183,15.993904739693171,0.02364642523332497
SAS,SAS,25pc,10000,18,10000,25,448403,19.962523463419082,15.898702785219758,-0.14986242900463922
SAS,SAS,25pc,10000,19,10000,25,448403,19.912630201457976,15.857799182664333,-0.18169558202478245
SAS,SAS,25pc,10000,20,10000,25,448403,19.967226432310348,15.8936599103756,0.13827618438409162
SAS,SAS,25pc,10000,21,10000,25,448403,19.973293627768353,15.903795694959138,-0.32868477350683667
SAS,SAS,25pc,10000,22,10000,25,448403,19.93861792540188,15.866735865115421,0.08455398156660884
SAS,SAS,25pc,10000,23,10000,25,448403,20.03994732707925,15.917459862262625,0.5990245161291942
SAS,SAS,25pc,10000,24,10000,25,448403,19.932952591765858,15.87863459422864,0.29748914314617425
AFR,AFR,10pc,10,0,10000,25,1002034,803.8588010531927,630.7033856599384,-1.4803533318971087
AFR,AFR,10pc,10,1,10000,25,1002034,800.500760736516,628.8978997070043,-11.08284814674679
AFR,AFR,10pc,10,2,10000,25,1002034,785.4686798541419,621.0082185544813,-48.266427944436224
AFR,AFR,10pc,10,3,10000,25,1002034,801.3243837318433,629.3477355817606,-2.4342475540823183
AFR,AFR,10pc,10,4,10000,25,1002034,800.134851386629,629.451311481037,-19.53729843251584
AFR,AFR,10pc,10,5,10000,25,1002034,802.0900796648101,629.8515591194098,-8.449403807915296
AFR,AFR,10pc,10,6,10000,25,1002034,803.5967459203418,631.3375294179755,-7.875065927783166
AFR,AFR,10pc,10,7,10000,25,1002034,792.9402703348862,625.8581782302833,-32.07857502643559
AFR,AFR,10pc,10,8,10000,25,1002034,808.9627483367223,633.130801153968,6.013505685053471
AFR,AFR,10pc,10,9,10000,25,1002034,808.4776220607015,632.6288937617734,6.88070262902187
AFR,AFR,10pc,10,10,10000,25,1002034,806.2436849587914,632.2634491925938,-2.2742736699544097
AFR,AFR,10pc,10,11,10000,25,1002034,813.3703344993344,635.81065850229,16.84029588132322
AFR,AFR,10pc,10,12,10000,25,1002034,808.1315023225405,632.4587782532715,10.78494310299766
AFR,AFR,10pc,10,13,10000,25,1002034,806.2726181277878,632.2570587046729,2.869967379980993
AFR,AFR,10pc,10,14,10000,25,1002034,790.6504117595056,624.4603143881237,-29.010675338739684
AFR,AFR,10pc,10,15,10000,25,1002034,801.4444830387596,630.2638160050682,-10.013441928030629
AFR,AFR,10pc,10,16,10000,25,1002034,802.8363631920726,630.5234762734966,-5.7468926276922305
AFR,AFR,10pc,10,17,10000,25,1002034,817.412676906172,638.0251744672934,20.911199108272942
AFR,AFR,10pc,10,18,10000,25,1002034,819.3912216520789,638.2154558204525,28.843555358539504
AFR,AFR,10pc,10,19,10000,25,1002034,811.0557089313583,634.5729351582859,8.674681887453604
AFR,AFR,10pc,10,20,10000,25,1002034,811.0110096382546,633.7845053883167,11.890904710336077
AFR,AFR,10pc,10,21,10000,25,1002034,816.5669269458248,637.3381737485322,23.68265069144984
AFR,AFR,10pc,10,22,10000,25,1002034,805.1442382843454,632.1416029786675,-3.777584052586084
AFR,AFR,10pc,10,23,10000,25,1002034,796.2719168068307,626.8118909482243,-20.79428512489705
AFR,AFR,10pc,10,24,10000,25,1002034,812.2982711174797,635.4416385367041,16.69493885783344
AFR,AFR,10pc,100,0,10000,25,1002034,254.95603627642606,202.65706635865735,4.462663530093891
AFR,AFR,10pc,100,1,10000,25,1002034,254.49717543876937,202.42661493512338,0.610087548796186
AFR,AFR,10pc,100,2,10000,25,1002034,255.3739929047833,203.1867584800556,2.8045428191399036
AFR,AFR,10pc,100,3,10000,25,1002034,254.5965666764206,202.51551618335807,-0.10435373267567176
AFR,AFR,10pc,100,4,10000,25,1002034,254.65938051056403,202.76134534124623,0.46667912390080696
AFR,AFR,10pc,100,5,10000,25,1002034,254.89082638667182,202.7914882816751,3.611515191812387
AFR,AFR,10pc,100,6,10000,25,1002034,254.150548380702,202.274451217207,-3.718255407503224
AFR,AFR,10pc,100,7,10000,25,1002034,253.2630895765837,201.92142237800223,-7.658392161717528
AFR,AFR,10pc,100,8,10000,25,1002034,255.88399864338348,203.413723172546,6.304907964646394
AFR,AFR,10pc,100,9,10000,25,1002034,254.37384293188597,202.59924370759066,-0.4181730656546386
AFR,AFR,10pc,100,10,10000,25,1002034,254.05659316907702,202.00281780502445,3.8087738720499273
AFR,AFR,10pc,100,11,10000,25,1002034,255.76434561451268,203.38980052598419,5.20179905015808
AFR,AFR,10pc,100,12,10000,25,1002034,254.1702873210229,202.33479349024296,-2.621099602155112
AFR,AFR,10pc,100,13,10000,25,1002034,255.15779561584864,203.18782969209076,0.5876426385733503
AFR,AFR,10pc,100,14,10000,25,1002034,254.20105008113612,202.63220869235857,-3.96583086573268
AFR,AFR,10pc,100,15,10000,25,1002034,254.59085938675224,202.71547071606574,-0.7831838208556644
AFR,AFR,10pc,100,16,10000,25,1002034,254.00384903604578,202.06808078474177,1.7124517607268006
AFR,AFR,10pc,100,17,10000,25,1002034,255.52972190783373,203.23819669794503,4.302131945897582
AFR,AFR,10pc,100,18,10000,25,1002034,257.28224732051586,204.13781543334144,15.146301485354543
AFR,AFR,10pc,100,19,10000,25,1002034,253.6426831657189,202.29325820958815,-7.018975476965701
AFR,AFR,10pc,100,20,10000,25,1002034,254.0434757912374,202.3654815332438,-3.157988431692321
AFR,AFR,10pc,100,21,10000,25,1002034,255.2755547458629,202.95356159640363,5.813314873323211
AFR,AFR,10pc,100,22,10000,25,1002034,255.14516264145809,203.15147995024398,1.5798800895352936
AFR,AFR,10pc,100,23,10000,25,1002034,253.37906230834088,202.13399861864897,-9.92848326216954
AFR,AFR,10pc,100,24,10000,25,1002034,255.11250175314905,203.03572385990796,-3.108482407489251
AFR,AFR,10pc,1000,0,10000,25,1002034,80.38725985023872,64.05612611224132,1.0657755137592502
AFR,AFR,10pc,1000,1,10000,25,1002034,80.2945319814403,64.04910677200665,0.6011795557912784
AFR,AFR,10pc,1000,2,10000,25,1002034,80.53241076189818,64.16436116260167,-0.1802933679844187
AFR,AFR,10pc,1000,3,10000,25,1002034,80.50234183868577,64.14693911492435,0.10075464112168754
AFR,AFR,10pc,1000,4,10000,25,1002034,80.27386693436928,63.97950973395389,0.19100093063853643
AFR,AFR,10pc,1000,5,10000,25,1002034,80.33483518179473,64.04958633240517,-1.4326446215777497
AFR,AFR,10pc,1000,6,10000,25,1002034,80.26349205693982,64.03872257751101,0.8452975051231193
AFR,AFR,10pc,1000,7,10000,25,1002034,80.25995564932946,64.01793243949214,-1.9695635875732809
AFR,AFR,10pc,1000,8,10000,25,1002034,80.38217999416884,64.03434837684811,-0.058759845505874146
AFR,AFR,10pc,1000,9,10000,25,1002034,80.20197947223531,63.937002655580635,0.7113112477976019
AFR,AFR,10pc,1000,10,10000,25,1002034,80.64244207042717,64.24895431769326,0.6468751053458901
AFR,AFR,10pc,1000,11,10000,25,1002034,80.3762929114814,64.07987843976785,1.379112971408689
AFR,AFR,10pc,1000,12,10000,25,1002034,80.41819793872433,64.11400892272954,-0.908541853318623
AFR,AFR,10pc,1000,13,10000,25,1002034,80.43159299306824,64.11051502063091,1.6471551746340356
AFR,AFR,10pc,1000,14,10000,25,1002034,80.54177642014231,64.17376657563102,0.9857537262002177
AFR,AFR,10pc,1000,15,10000,25,1002034,80.35850019112972,64.07775845599107,1.9003659676032054
AFR,AFR,10pc,1000,16,10000,25,1002034,80.62132882022368,64.26573886944156,-1.8375942008294661
AFR,AFR,10pc,1000,17,10000,25,1002034,80.60345503190722,64.2373611085846,2.767259241696139
AFR,AFR,10pc,1000,18,10000,25,1002034,80.57732711242132,64.20443815567234,3.688694802030672
AFR,AFR,10pc,1000,19,10000,25,1002034,80.12708713148892,63.88246340751034,-2.622164709690963
AFR,AFR,10pc,1000,20,10000,25,1002034,80.61066575134278,64.2721699749295,1.0371733590501206
AFR,AFR,10pc,1000,21,10000,25,1002034,80.42286604865606,64.07593373906465,-0.8746837078535207
AFR,AFR,10pc,1000,22,10000,25,1002034,80.56032008964397,64.24232604245411,-0.047140716481438714
AFR,AFR,10pc,1000,23,10000,25,1002034,80.27860657508919,63.987918405767644,-3.4945181930251388
AFR,AFR,10pc,1000,24,10000,25,1002034,80.31454293514386,64.0046972618426,1.5192091553055205
AFR,AFR,10pc,10000,0,10000,25,1002034,24.948030711875155,19.880069369184927,0.7242449850272022
AFR,AFR,10pc,10000,1,10000,25,1002034,25.020203982402858,19.946029578584174,-0.016398746602824494
AFR,AFR,10pc,10000,2,10000,25,1002034,24.978199428075264,19.911014870997686,-0.15542714497980561
AFR,AFR,10pc,10000,3,10000,25,1002034,24.97427508233079,19.92167069458693,0.24661089404258862
AFR,AFR,10pc,10000,4,10000,25,1002034,24.91285728093841,19.848271818647827,-0.2712381973040305
AFR,AFR,10pc,10000,5,10000,25,1002034,24.985295595939274,19.932335685835294,0.20761858796438926
AFR,AFR,10pc,10000,6,10000,25,1002034,25.022618714914287,19.93500975823497,0.17821827043098448
AFR,AFR,10pc,10000,7,10000,25,1002034,24.953795157912065,19.895835819881015,-1.738768871558227
AFR,AFR,10pc,10000,8,10000,25,1002034,25.005848518254275,19.93399607952467,0.07443797668405053
AFR,AFR,10pc,10000,9,10000,25,1002034,24.987893004240153,19.904444136489722,0.6164686372471164
AFR,AFR,10pc,10000,10,10000,25,1002034,24.956221611526356,19.89275825924485,-0.019580493297788562
AFR,AFR,10pc,10000,11,10000,25,1002034,24.955748392802757,19.900450323236043,0.49257615663861004
AFR,AFR,10pc,10000,12,10000,25,1002034,24.954515034952486,19.908340309869484,-0.34711407174377507
AFR,AFR,10pc,10000,13,10000,25,1002034,24.91213031275593,19.864406984693947,0.028884990505460974
AFR,AFR,10pc,10000,14,10000,25,1002034,24.99176393146999,19.941797994606596,0.0986097675843358
AFR,AFR,10pc,10000,15,10000,25,1002034,24.902519929467736,19.842667238472693,0.40819694639960913
AFR,AFR,10pc,10000,16,10000,25,1002034,25.005988946813158,19.919890824572107,0.5795670798417405
AFR,AFR,10pc,10000,17,10000,25,1002034,24.945737467340866,19.87541089866774,0.6102273232124873
AFR,AFR,10pc,10000,18,10000,25,1002034,24.95958652658467,19.89812665589899,0.45112132354546614
AFR,AFR,10pc,10000,19,10000,25,1002034,24.967319177511733,19.900169309083786,-0.03176762185162249
AFR,AFR,10pc,10000,20,10000,25,1002034,24.98559775941367,19.91311245828966,-0.12826822045956937
AFR,AFR,10pc,10000,21,10000,25,1002034,24.960676494234583,19.903081684386127,-0.15755368854547575
AFR,AFR,10pc,10000,22,10000,25,1002034,24.957805540527737,19.90773443405678,-0.6283185250440174
AFR,AFR,10pc,10000,23,10000,25,1002034,24.926351940099227,19.88152268405428,-1.1544052736085129
AFR,AFR,10pc,10000,24,10000,25,1002034,24.98886938171074,19.916115959008803,-0.06794208412888879
