pop,pop_label,pc,num_pcs,mean_ldscore,num_snps,num_ld_cols
EUR_300k,EUR (300k),insample0,0,3.666795184167131,454207,8
EUR_300k,EUR (300k),insample5,5,3.6140861570517404,454207,8
EUR_300k,EUR (300k),insample10,10,3.612190190503448,454207,8
EUR_300k,EUR (300k),insample15,15,3.612099024083733,454207,8
EUR_300k,EUR (300k),insample20,20,3.611490976460072,454207,8
EUR_300k,EUR (300k),insample25,25,3.6102175325919674,454207,8
EUR_300k,EUR (300k),insample30,30,3.610457576895557,454207,8
EUR,EUR,insample0,0,3.6653128829058113,454207,8
EUR,EUR,insample5,5,3.6182316960680923,454207,8
EUR,EUR,insample10,10,3.6188231694799944,454207,8
EUR,EUR,insample15,15,3.6184953729422933,454207,8
EUR,EUR,insample20,20,3.6153100861149214,454207,8
EUR,EUR,insample25,25,3.6079993989458554,454207,8
EUR,EUR,insample30,30,3.609294279685254,454207,8
SAS,SAS,insample0,0,11.662524068746192,448403,8
SAS,SAS,insample5,5,4.544444606775601,448403,8
SAS,SAS,insample10,10,4.379341094015875,448403,8
SAS,SAS,insample15,15,4.30100353744288,448403,8
SAS,SAS,insample20,20,4.26843929456984,448403,8
SAS,SAS,insample25,25,4.2415937048391745,448403,8
SAS,SAS,insample30,30,4.217901681804092,448403,8
AFR,AFR,insample0,0,2100.5370274621,1002034,8
AFR,AFR,insample5,5,18.23763020569861,1002034,8
AFR,AFR,insample10,10,17.25565110258734,1002034,8
AFR,AFR,insample15,15,16.44109635249303,1002034,8
AFR,AFR,insample20,20,15.849194476425946,1002034,8
AFR,AFR,insample25,25,15.368642354849237,1002034,8
AFR,AFR,insample30,30,14.926263001720502,1002034,8
