pop,phen,phen_label,pc,num_pcs,num_bins,h2,h2_se
AFR,bmi,BMI,insample0,0,8,0.27579,0.53924
AFR,bmi,BMI,insample5,5,8,0.10902,0.1248
AFR,bmi,BMI,insample10,10,8,0.10136,0.12476
AFR,bmi,BMI,insample15,15,8,0.04604,0.12771
AFR,bmi,BMI,insample20,20,8,0.04913,0.12741
AFR,bmi,BMI,insample25,25,8,0.05433,0.12802
AFR,bmi,BMI,insample30,30,8,0.06096,0.12836
EUR,bmi,BMI,insample0,0,8,0.30364,0.05997
EUR,bmi,BMI,insample5,5,8,0.3068,0.06078
EUR,bmi,BMI,insample10,10,8,0.30697,0.06065
EUR,bmi,BMI,insample15,15,8,0.30754,0.06066
EUR,bmi,BMI,insample20,20,8,0.30307,0.06051
EUR,bmi,BMI,insample25,25,8,0.30233,0.06068
EUR,bmi,BMI,insample30,30,8,0.30213,0.06053
EUR_300k,bmi,BMI,insample0,0,8,0.30803,0.00709
EUR_300k,bmi,BMI,insample5,5,8,0.27223,0.007
EUR_300k,bmi,BMI,insample10,10,8,0.27056,0.00694
EUR_300k,bmi,BMI,insample15,15,8,0.2703,0.00692
EUR_300k,bmi,BMI,insample20,20,8,0.26985,0.00688
EUR_300k,bmi,BMI,insample25,25,8,0.26985,0.00689
EUR_300k,bmi,BMI,insample30,30,8,0.2697,0.00686
SAS,bmi,BMI,insample0,0,8,1.74778,0.04303
SAS,bmi,BMI,insample5,5,8,0.62076,0.07001
SAS,bmi,BMI,insample10,10,8,0.45553,0.07255
SAS,bmi,BMI,insample15,15,8,0.38076,0.07501
SAS,bmi,BMI,insample20,20,8,0.30854,0.07429
SAS,bmi,BMI,insample25,25,8,0.26709,0.07519
SAS,bmi,BMI,insample30,30,8,0.27389,0.07554
AFR,educational_qualification,EA,insample0,0,8,0.39051,0.13785
AFR,educational_qualification,EA,insample5,5,8,0.16854,0.14481
AFR,educational_qualification,EA,insample10,10,8,0.16964,0.14544
AFR,educational_qualification,EA,insample15,15,8,0.18079,0.14678
AFR,educational_qualification,EA,insample20,20,8,0.19983,0.14678
AFR,educational_qualification,EA,insample25,25,8,0.20591,0.14971
AFR,educational_qualification,EA,insample30,30,8,0.19457,0.14719
EUR,educational_qualification,EA,insample0,0,8,0.37322,0.05745
EUR,educational_qualification,EA,insample5,5,8,0.29494,0.05789
EUR,educational_qualification,EA,insample10,10,8,0.29618,0.05805
EUR,educational_qualification,EA,insample15,15,8,0.2958,0.05797
EUR,educational_qualification,EA,insample20,20,8,0.29366,0.05809
EUR,educational_qualification,EA,insample25,25,8,0.29624,0.05828
EUR,educational_qualification,EA,insample30,30,8,0.29876,0.05826
EUR_300k,educational_qualification,EA,insample0,0,8,0.36776,0.00699
EUR_300k,educational_qualification,EA,insample5,5,8,0.27079,0.00627
EUR_300k,educational_qualification,EA,insample10,10,8,0.25473,0.00621
EUR_300k,educational_qualification,EA,insample15,15,8,0.25182,0.0062
EUR_300k,educational_qualification,EA,insample20,20,8,0.25177,0.00622
EUR_300k,educational_qualification,EA,insample25,25,8,0.25125,0.00625
EUR_300k,educational_qualification,EA,insample30,30,8,0.25102,0.00621
SAS,educational_qualification,EA,insample0,0,8,2.33048,0.04232
SAS,educational_qualification,EA,insample5,5,8,1.0584,0.06232
SAS,educational_qualification,EA,insample10,10,8,0.97717,0.0646
SAS,educational_qualification,EA,insample15,15,8,0.87007,0.06635
SAS,educational_qualification,EA,insample20,20,8,0.70722,0.06655
SAS,educational_qualification,EA,insample25,25,8,0.60508,0.06688
SAS,educational_qualification,EA,insample30,30,8,0.60952,0.06713
AFR,height,HT,insample0,0,8,1.29276,0.30225
AFR,height,HT,insample5,5,8,0.60815,0.16099
AFR,height,HT,insample10,10,8,0.63697,0.16349
AFR,height,HT,insample15,15,8,0.64321,0.16507
AFR,height,HT,insample20,20,8,0.61935,0.16277
AFR,height,HT,insample25,25,8,0.60953,0.16326
AFR,height,HT,insample30,30,8,0.63424,0.16516
EUR,height,HT,insample0,0,8,0.86933,0.06811
EUR,height,HT,insample5,5,8,0.63151,0.06588
EUR,height,HT,insample10,10,8,0.62466,0.06589
EUR,height,HT,insample15,15,8,0.62168,0.06598
EUR,height,HT,insample20,20,8,0.61602,0.0655
EUR,height,HT,insample25,25,8,0.61583,0.06529
EUR,height,HT,insample30,30,8,0.61471,0.06505
EUR_300k,height,HT,insample0,0,8,0.8208,0.02226
EUR_300k,height,HT,insample5,5,8,0.55784,0.02196
EUR_300k,height,HT,insample10,10,8,0.55337,0.02184
EUR_300k,height,HT,insample15,15,8,0.55212,0.0218
EUR_300k,height,HT,insample20,20,8,0.55221,0.02185
EUR_300k,height,HT,insample25,25,8,0.55183,0.02184
EUR_300k,height,HT,insample30,30,8,0.55184,0.02182
SAS,height,HT,insample0,0,8,4.78366,0.06202
SAS,height,HT,insample5,5,8,0.95508,0.06696
SAS,height,HT,insample10,10,8,0.75827,0.06832
SAS,height,HT,insample15,15,8,0.52027,0.0682
SAS,height,HT,insample20,20,8,0.51447,0.06822
SAS,height,HT,insample25,25,8,0.49149,0.06868
SAS,height,HT,insample30,30,8,0.44297,0.06822
