experiment,setting,pop,n,m,k,numvec,n_runs,elapsed_mean,elapsed_median,elapsed_sd,elapsed_min,elapsed_max,max_rss_kb_mean,max_rss_kb_max
K,K1,EUR_300k,291273,100000,1,1000,10,176.9,173.0,25.881997175213847,137,225,,
K,K2,EUR_300k,291273,100000,2,1000,10,221.0,218.5,16.885233522551918,190,255,,
K,K5,EUR_300k,291273,100000,5,1000,10,402.4,404.0,11.20714058089752,386,425,,
K,K10,EUR_300k,291273,100000,10,1000,10,461.8,460.0,5.202563470700443,458,476,,
K,K25,EUR_300k,291273,100000,25,1000,10,947.6,945.5,5.521674464226315,943,957,,
K,K50,EUR_300k,291273,100000,50,1000,10,1816.2,1809.5,43.611415427105285,1765,1889,,
M,M50000,EUR,10000,50000,1,10000,10,30.6,30.5,0.6992058987801012,30,32,,
M,M100000,EUR,10000,100000,1,10000,10,58.1,58.0,0.8755950357709132,57,60,,
M,M250000,EUR,10000,250000,1,10000,10,142.4,142.0,1.577621275493231,141,146,,
M,M454207,EUR,10000,454207,1,10000,10,255.9,256.0,0.7378647873726228,255,257,,
N,N10000,EUR_300k,10000,454207,1,1000,10,45.0,45.0,0.8164965809277258,44,46,,
N,N25000,EUR_300k,25000,454207,1,1000,10,84.1,79.0,18.186991688200298,74,135,,
N,N50000,EUR_300k,50000,454207,1,1000,10,149.6,128.5,46.930681743278456,123,240,,
N,N100000,EUR_300k,100000,454207,1,1000,10,302.9,274.5,79.32836118872548,228,464,,
N,N200000,EUR_300k,200000,454207,1,1000,10,513.9,494.5,101.56820368599614,419,728,,
N,N291273,EUR_300k,291273,454207,1,1000,10,729.0,661.5,177.07625476048446,591,1131,,
