pop,case,pc_case,window,group,mean,se,n_chr
EUR,pc,10pc,2000,2Mb,3.610325965388028,0.0843546255387829,22
EUR,pc,10pc,20000,20Mb,3.610325965339815,0.0843546253506145,22
EUR,pc,10pc,chr,CHR,3.609175095159255,0.084794660284493,22
EUR,pc,10pc,gw,GW,3.619235375427944,0.0844241047653345,22
SAS,pc,20pc,2000,2Mb,3.92941658702328,0.1433398036109996,22
SAS,pc,20pc,20000,20Mb,3.92941658798614,0.1433398036386887,22
SAS,pc,20pc,chr,CHR,3.924182307633981,0.1426024859670559,22
SAS,pc,20pc,gw,GW,4.278071172409641,0.1427986956719022,22
AFR,pc,10pc,2000,2Mb,15.045344927087308,0.285624101557932,22
AFR,pc,10pc,20000,20Mb,15.045435700547086,0.2856098820688983,22
AFR,pc,10pc,chr,CHR,15.213166144752574,0.2974726175009862,22
AFR,pc,10pc,gw,GW,17.248666459951455,0.3178244604245122,22
