pop	method	N_valid	N_clusters	fpr	fpr_se	fpr_lo	fpr_hi
EUR	summit	592	592	0.02027027027027027	0.005723320714381742	0.010135135135135136	0.03209459459459459
EUR	covldsc	600	600	0.008333333333333333	0.003634868639153393	0.0016666666666666668	0.016666666666666666
EUR	sumher_ldak	600	600	0.006666666666666667	0.0032997491074452986	0.0016666666666666668	0.013333333333333334
SAS	summit	587	587	0.020442930153321975	0.00592390265881773	0.010221465076660987	0.03236797274275979
SAS	covldsc	600	600	0.0016666666666666668	0.0017220246210518785	0.0	0.005
SAS	sumher_ldak	600	600	0.0	0.0	0.0	0.0
AFR	summit	564	564	0.014184397163120567	0.0049906510273346315	0.005319148936170213	0.024822695035460994
AFR	covldsc	600	600	0.005	0.0028261544773986818	0.0	0.011666666666666667
AFR	sumher_ldak	600	600	0.24166666666666667	0.017519393301543305	0.20829166666666674	0.2783333333333333
