pop	method	auroc	aupr	n_scenarios	min_n_positive	max_n_positive	min_n_null	max_n_null
AFR	covldsc	0.6202208333333333	0.6085528711379763	24	100	100	100	100
AFR	sumher_ldak	0.5223416666666666	0.5019151769363809	24	100	100	100	100
AFR	summit	0.6926418286933035	0.6702932983143256	24	76	100	82	100
EUR	covldsc	0.7774833333333334	0.7739377532949684	24	100	100	100	100
EUR	sumher_ldak	0.7946458333333334	0.8008735219543538	24	100	100	100	100
EUR	summit	0.8237008885701905	0.8225581801364825	24	95	100	93	100
SAS	covldsc	0.7183916666666667	0.7072228453868341	24	100	100	100	100
SAS	sumher_ldak	0.6808875	0.707960621355573	24	100	100	100	100
SAS	summit	0.7701188165228429	0.760628966497282	24	92	100	93	100
