pop	method_label	alpha	n_sig	n_noncausal	empirical	emp_se	emp_lo	emp_hi	n_clusters
EUR	covldsc	0.001	0	600	0.0	0.0	0.0	0.0	600
EUR	covldsc	0.005	0	600	0.0	0.0	0.0	0.0	600
EUR	covldsc	0.01	0	600	0.0	0.0	0.0	0.0	600
EUR	covldsc	0.02	0	600	0.0	0.0	0.0	0.0	600
EUR	covldsc	0.05	5	600	0.008333333333333333	0.0036348686391534054	0.0016666666666666668	0.016666666666666666	600
EUR	covldsc	0.1	18	600	0.03	0.006811507908434073	0.018333333333333333	0.043333333333333335	600
EUR	covldsc	0.2	63	600	0.105	0.012626163901539708	0.08166666666666667	0.13	600
EUR	covsumrhe	0.001	0	592	0.0	0.0	0.0	0.0	592
EUR	covsumrhe	0.005	0	592	0.0	0.0	0.0	0.0	592
EUR	covsumrhe	0.01	1	592	0.0016891891891891893	0.001676888272610777	0.0	0.005067567567567568	592
EUR	covsumrhe	0.02	2	592	0.0033783783783783786	0.002395771007960181	0.0	0.008445945945945946	592
EUR	covsumrhe	0.05	12	592	0.02027027027027027	0.005723320714381731	0.010135135135135136	0.03209459459459459	592
EUR	covsumrhe	0.1	34	592	0.057432432432432436	0.00963515525434324	0.03885135135135135	0.0777027027027027	592
EUR	covsumrhe	0.2	104	592	0.17567567567567569	0.01588786230138399	0.14358108108108109	0.20777027027027026	592
EUR	ldsc_20000	0.001	0	600	0.0	0.0	0.0	0.0	600
EUR	ldsc_20000	0.005	0	600	0.0	0.0	0.0	0.0	600
EUR	ldsc_20000	0.01	0	600	0.0	0.0	0.0	0.0	600
EUR	ldsc_20000	0.02	0	600	0.0	0.0	0.0	0.0	600
EUR	ldsc_20000	0.05	5	600	0.008333333333333333	0.0037657300753491186	0.0016666666666666668	0.016666666666666666	600
EUR	ldsc_20000	0.1	20	600	0.03333333333333333	0.0073873990422937815	0.018333333333333333	0.04833333333333333	600
EUR	ldsc_20000	0.2	60	600	0.1	0.012352152153831902	0.07666666666666666	0.125	600
EUR	rhe	0.001	0	600	0.0	0.0	0.0	0.0	600
EUR	rhe	0.005	0	600	0.0	0.0	0.0	0.0	600
EUR	rhe	0.01	1	600	0.0016666666666666668	0.0016460286330091446	0.0	0.005	600
EUR	rhe	0.02	2	600	0.0033333333333333335	0.002321892435305608	0.0	0.008333333333333333	600
EUR	rhe	0.05	11	600	0.018333333333333333	0.005393347722461766	0.008333333333333333	0.03	600
EUR	rhe	0.1	33	600	0.055	0.009207070747123514	0.03833333333333333	0.07333333333333333	600
EUR	rhe	0.2	96	600	0.16	0.014442800109926246	0.13333333333333333	0.19	600
EUR	sumher_20000	0.001	0	600	0.0	0.0	0.0	0.0	600
EUR	sumher_20000	0.005	0	600	0.0	0.0	0.0	0.0	600
EUR	sumher_20000	0.01	0	600	0.0	0.0	0.0	0.0	600
EUR	sumher_20000	0.02	2	600	0.0033333333333333335	0.002422861397376611	0.0	0.008333333333333333	600
EUR	sumher_20000	0.05	14	600	0.023333333333333334	0.006330500362502358	0.011666666666666667	0.03666666666666667	600
EUR	sumher_20000	0.1	23	600	0.03833333333333333	0.0077070558432874815	0.025	0.055	600
EUR	sumher_20000	0.2	79	600	0.13166666666666665	0.013795714679227156	0.105	0.16	600
EUR	sumher_ldak_20000	0.001	0	600	0.0	0.0	0.0	0.0	600
EUR	sumher_ldak_20000	0.005	0	600	0.0	0.0	0.0	0.0	600
EUR	sumher_ldak_20000	0.01	0	600	0.0	0.0	0.0	0.0	600
EUR	sumher_ldak_20000	0.02	0	600	0.0	0.0	0.0	0.0	600
EUR	sumher_ldak_20000	0.05	4	600	0.006666666666666667	0.003273431670231128	0.0016666666666666668	0.013333333333333334	600
EUR	sumher_ldak_20000	0.1	11	600	0.018333333333333333	0.0054840976060027405	0.008333333333333333	0.03	600
EUR	sumher_ldak_20000	0.2	57	600	0.095	0.01179166416983496	0.07333333333333333	0.11833333333333333	600
EUR	sumrhe	0.001	0	600	0.0	0.0	0.0	0.0	600
EUR	sumrhe	0.005	0	600	0.0	0.0	0.0	0.0	600
EUR	sumrhe	0.01	1	600	0.0016666666666666668	0.0016654470691989975	0.0	0.005	600
EUR	sumrhe	0.02	3	600	0.005	0.002922800905393013	0.0	0.011666666666666667	600
EUR	sumrhe	0.05	10	600	0.016666666666666666	0.005174669849224057	0.006666666666666667	0.02666666666666667	600
EUR	sumrhe	0.1	35	600	0.058333333333333334	0.009574449558472217	0.04	0.07833333333333334	600
EUR	sumrhe	0.2	98	600	0.16333333333333333	0.015487505206451804	0.13333333333333333	0.19333333333333333	600
SAS	covldsc	0.001	0	600	0.0	0.0	0.0	0.0	600
SAS	covldsc	0.005	0	600	0.0	0.0	0.0	0.0	600
SAS	covldsc	0.01	0	600	0.0	0.0	0.0	0.0	600
SAS	covldsc	0.02	0	600	0.0	0.0	0.0	0.0	600
SAS	covldsc	0.05	1	600	0.0016666666666666668	0.0017220246210518902	0.0	0.005	600
SAS	covldsc	0.1	10	600	0.016666666666666666	0.005282618797908406	0.006666666666666667	0.028333333333333332	600
SAS	covldsc	0.2	57	600	0.095	0.011895639826147964	0.07333333333333333	0.12	600
SAS	covsumrhe	0.001	0	587	0.0	0.0	0.0	0.0	587
SAS	covsumrhe	0.005	1	587	0.0017035775127768314	0.0016840995790603362	0.0	0.005110732538330494	587
SAS	covsumrhe	0.01	2	587	0.0034071550255536627	0.0023616897762360613	0.0	0.008517887563884156	587
SAS	covsumrhe	0.02	2	587	0.0034071550255536627	0.0023616897762360613	0.0	0.008517887563884156	587
SAS	covsumrhe	0.05	12	587	0.020442930153321975	0.005923902658817743	0.010221465076660987	0.03236797274275979	587
SAS	covsumrhe	0.1	40	587	0.06814310051107325	0.010471192421931437	0.049403747870528106	0.09028960817717206	587
SAS	covsumrhe	0.2	97	587	0.16524701873935263	0.015106135206257035	0.13798977853492334	0.19591141396933562	587
SAS	ldsc_20000	0.001	0	600	0.0	0.0	0.0	0.0	600
SAS	ldsc_20000	0.005	0	600	0.0	0.0	0.0	0.0	600
SAS	ldsc_20000	0.01	0	600	0.0	0.0	0.0	0.0	600
SAS	ldsc_20000	0.02	0	600	0.0	0.0	0.0	0.0	600
SAS	ldsc_20000	0.05	1	600	0.0016666666666666668	0.0017007060479818376	0.0	0.005	600
SAS	ldsc_20000	0.1	10	600	0.016666666666666666	0.005241055703577213	0.008333333333333333	0.028333333333333332	600
SAS	ldsc_20000	0.2	37	600	0.06166666666666667	0.009880043085720188	0.043333333333333335	0.08166666666666667	600
SAS	rhe	0.001	1	600	0.0016666666666666668	0.0016860272864553398	0.0	0.005	600
SAS	rhe	0.005	3	600	0.005	0.0028780597153244838	0.0	0.011666666666666667	600
SAS	rhe	0.01	5	600	0.008333333333333333	0.0038390000962030373	0.0016666666666666668	0.016666666666666666	600
SAS	rhe	0.02	8	600	0.013333333333333334	0.004844263514720863	0.005	0.023333333333333334	600
SAS	rhe	0.05	28	600	0.04666666666666667	0.008673445451183965	0.03	0.06337499999999978	600
SAS	rhe	0.1	61	600	0.10166666666666667	0.012567614225650552	0.07833333333333334	0.12833333333333333	600
SAS	rhe	0.2	112	600	0.18666666666666668	0.01607151868457477	0.155	0.22	600
SAS	sumher_20000	0.001	0	600	0.0	0.0	0.0	0.0	600
SAS	sumher_20000	0.005	0	600	0.0	0.0	0.0	0.0	600
SAS	sumher_20000	0.01	0	600	0.0	0.0	0.0	0.0	600
SAS	sumher_20000	0.02	0	600	0.0	0.0	0.0	0.0	600
SAS	sumher_20000	0.05	0	600	0.0	0.0	0.0	0.0	600
SAS	sumher_20000	0.1	10	600	0.016666666666666666	0.0051885613533803766	0.008333333333333333	0.028333333333333332	600
SAS	sumher_20000	0.2	32	600	0.05333333333333334	0.009288272169183773	0.03666666666666667	0.07166666666666667	600
SAS	sumher_ldak_20000	0.001	0	600	0.0	0.0	0.0	0.0	600
SAS	sumher_ldak_20000	0.005	0	600	0.0	0.0	0.0	0.0	600
SAS	sumher_ldak_20000	0.01	0	600	0.0	0.0	0.0	0.0	600
SAS	sumher_ldak_20000	0.02	0	600	0.0	0.0	0.0	0.0	600
SAS	sumher_ldak_20000	0.05	0	600	0.0	0.0	0.0	0.0	600
SAS	sumher_ldak_20000	0.1	9	600	0.015	0.004886763935229243	0.006666666666666667	0.025	600
SAS	sumher_ldak_20000	0.2	29	600	0.04833333333333333	0.00862880207994654	0.03166666666666667	0.065	600
SAS	sumrhe	0.001	1	600	0.0016666666666666668	0.0016494727582443355	0.0	0.005	600
SAS	sumrhe	0.005	3	600	0.005	0.0029180141721571536	0.0	0.011666666666666667	600
SAS	sumrhe	0.01	4	600	0.006666666666666667	0.003408078821069914	0.0016666666666666668	0.013333333333333334	600
SAS	sumrhe	0.02	7	600	0.011666666666666667	0.004480229421835512	0.0033333333333333335	0.021666666666666667	600
SAS	sumrhe	0.05	32	600	0.05333333333333334	0.009306774808397561	0.035	0.07333333333333333	600
SAS	sumrhe	0.1	60	600	0.1	0.012604689281125264	0.075	0.125	600
SAS	sumrhe	0.2	125	600	0.20833333333333334	0.016645902606718294	0.175	0.24166666666666667	600
AFR	covldsc	0.001	0	600	0.0	0.0	0.0	0.0	600
AFR	covldsc	0.005	0	600	0.0	0.0	0.0	0.0	600
AFR	covldsc	0.01	0	600	0.0	0.0	0.0	0.0	600
AFR	covldsc	0.02	1	600	0.0016666666666666668	0.0016312373612615463	0.0	0.005	600
AFR	covldsc	0.05	3	600	0.005	0.002826154477398697	0.0	0.011666666666666667	600
AFR	covldsc	0.1	14	600	0.023333333333333334	0.006219872581914032	0.011666666666666667	0.03666666666666667	600
AFR	covldsc	0.2	52	600	0.08666666666666667	0.01173998351412865	0.065	0.11	600
AFR	covsumrhe	0.001	0	564	0.0	0.0	0.0	0.0	564
AFR	covsumrhe	0.005	1	564	0.0017730496453900709	0.001809630263128209	0.0	0.005319148936170213	564
AFR	covsumrhe	0.01	3	564	0.005319148936170213	0.0031019543471688072	0.0	0.012411347517730497	564
AFR	covsumrhe	0.02	3	564	0.005319148936170213	0.0031019543471688072	0.0	0.012411347517730497	564
AFR	covsumrhe	0.05	8	564	0.014184397163120567	0.004990651027334642	0.005319148936170213	0.024822695035460994	564
AFR	covsumrhe	0.1	27	564	0.047872340425531915	0.00884694781278487	0.031914893617021274	0.06560283687943262	564
AFR	covsumrhe	0.2	86	564	0.1524822695035461	0.015037231159252219	0.12411347517730496	0.18262411347517732	564
AFR	ldsc_20000	0.001	0	600	0.0	0.0	0.0	0.0	600
AFR	ldsc_20000	0.005	3	600	0.005	0.0028180466045746974	0.0	0.011666666666666667	600
AFR	ldsc_20000	0.01	7	600	0.011666666666666667	0.004324517960294014	0.0033333333333333335	0.02004166666666644	600
AFR	ldsc_20000	0.02	16	600	0.02666666666666667	0.006446687459087279	0.013333333333333334	0.04	600
AFR	ldsc_20000	0.05	33	600	0.055	0.009322860579911838	0.03666666666666667	0.07333333333333333	600
AFR	ldsc_20000	0.1	64	600	0.10666666666666667	0.012615225578745939	0.08333333333333333	0.13333333333333333	600
AFR	ldsc_20000	0.2	158	600	0.2633333333333333	0.017567451418499434	0.22833333333333333	0.29833333333333334	600
AFR	rhe	0.001	1	600	0.0016666666666666668	0.0016395289380430067	0.0	0.005	600
AFR	rhe	0.005	7	600	0.011666666666666667	0.004366499897529133	0.005	0.021666666666666667	600
AFR	rhe	0.01	10	600	0.016666666666666666	0.00521473302003423	0.006666666666666667	0.028333333333333332	600
AFR	rhe	0.02	20	600	0.03333333333333333	0.007266883237705086	0.02	0.04833333333333333	600
AFR	rhe	0.05	36	600	0.06	0.009620537869694605	0.041666666666666664	0.07833333333333334	600
AFR	rhe	0.1	72	600	0.12	0.012869989812090995	0.095	0.145	600
AFR	rhe	0.2	129	600	0.215	0.016516668353517477	0.185	0.2467083333333331	600
AFR	sumher_20000	0.001	46	600	0.07666666666666666	0.010507996325235474	0.056666666666666664	0.09833333333333333	600
AFR	sumher_20000	0.005	79	600	0.13166666666666665	0.013689320584111611	0.105	0.15833333333333333	600
AFR	sumher_20000	0.01	99	600	0.165	0.015053483661659246	0.13666666666666666	0.19666666666666666	600
AFR	sumher_20000	0.02	116	600	0.19333333333333333	0.01575793761777372	0.16333333333333333	0.225	600
AFR	sumher_20000	0.05	156	600	0.26	0.017857452046760633	0.22666666666666666	0.2966666666666667	600
AFR	sumher_20000	0.1	203	600	0.3383333333333333	0.019232537536975392	0.3016666666666667	0.37666666666666665	600
AFR	sumher_20000	0.2	258	600	0.43	0.02008552499082553	0.39166666666666666	0.47	600
AFR	sumher_ldak_20000	0.001	43	600	0.07166666666666667	0.010596405422413812	0.051666666666666666	0.09333333333333334	600
AFR	sumher_ldak_20000	0.005	66	600	0.11	0.012785490270774346	0.085	0.13504166666666645	600
AFR	sumher_ldak_20000	0.01	88	600	0.14666666666666667	0.014176094985183968	0.12	0.175	600
AFR	sumher_ldak_20000	0.02	106	600	0.17666666666666667	0.015359943034924573	0.14666666666666667	0.20666666666666667	600
AFR	sumher_ldak_20000	0.05	145	600	0.24166666666666667	0.017411992969394646	0.20666666666666667	0.27504166666666646	600
AFR	sumher_ldak_20000	0.1	192	600	0.32	0.01904090159426063	0.2816666666666667	0.3566666666666667	600
AFR	sumher_ldak_20000	0.2	238	600	0.39666666666666667	0.019647532754196385	0.35833333333333334	0.43333333333333335	600
AFR	sumrhe	0.001	0	600	0.0	0.0	0.0	0.0	600
AFR	sumrhe	0.005	0	600	0.0	0.0	0.0	0.0	600
AFR	sumrhe	0.01	0	600	0.0	0.0	0.0	0.0	600
AFR	sumrhe	0.02	0	600	0.0	0.0	0.0	0.0	600
AFR	sumrhe	0.05	0	600	0.0	0.0	0.0	0.0	600
AFR	sumrhe	0.1	0	600	0.0	0.0	0.0	0.0	600
AFR	sumrhe	0.2	15	600	0.025	0.006271779904232846	0.013333333333333334	0.03833333333333333	600
