method,method_label,pop_pair,n_phens,pearson_r_agg,pearson_r_se,spearman_rho_agg,spearman_rho_se,pair_lo,pair_hi,pair,pair_pretty,estimand,n_units
covldsc,cov-LDSC,AFR–EUR,37.0,0.2857475662721798,0.1186328784099646,0.1858799459930917,0.0788383047512659,EUR,AFR,EUR-AFR,EUR-AFR,h2,
ldsc,LDSC,AFR–EUR,37.0,-0.0472096523417478,0.0549612489524311,0.0043747113333066,0.0347282920818634,EUR,AFR,EUR-AFR,EUR-AFR,h2,
sumher,SumHer,AFR–EUR,37.0,-0.0270330417718526,0.0924445406707753,0.005075885992146,0.0470810794704104,EUR,AFR,EUR-AFR,EUR-AFR,h2,
sumher_ldak,SumHer-LDAK,AFR–EUR,37.0,-0.0095642203817746,0.114410261668935,0.0262566244593514,0.0526152696170912,EUR,AFR,EUR-AFR,EUR-AFR,h2,
sumrhe,SUMMIT,AFR–EUR,40.0,0.482110943206664,0.0688675220458071,0.2911340439387729,0.0528994340687193,EUR,AFR,EUR-AFR,EUR-AFR,h2,
covldsc,cov-LDSC,AFR–EUR_300k,37.0,0.4352561075409984,0.1127006847568578,0.271255153356493,0.0748356137060396,EUR_300k,AFR,EUR_300k-AFR,EUR (300k)-AFR,h2,
ldsc,LDSC,AFR–EUR_300k,37.0,-0.0695031782787363,0.063176129717234,-0.0127560440404261,0.0336019653291961,EUR_300k,AFR,EUR_300k-AFR,EUR (300k)-AFR,h2,
sumher,SumHer,AFR–EUR_300k,37.0,-0.0509184381019018,0.0978527911761226,-0.0086862279668057,0.0329023406110709,EUR_300k,AFR,EUR_300k-AFR,EUR (300k)-AFR,h2,
sumher_ldak,SumHer-LDAK,AFR–EUR_300k,37.0,0.0257586990805043,0.1121910978988883,-0.0045099716035567,0.0387318662026536,EUR_300k,AFR,EUR_300k-AFR,EUR (300k)-AFR,h2,
sumrhe,SUMMIT,AFR–EUR_300k,40.0,0.5709669354346285,0.061199020284468,0.3543984769342408,0.0528889661727788,EUR_300k,AFR,EUR_300k-AFR,EUR (300k)-AFR,h2,
covldsc,cov-LDSC,AFR–SAS,37.0,0.234361958309155,0.1102042947547621,0.149674840185923,0.0677543401504347,SAS,AFR,SAS-AFR,SAS-AFR,h2,
ldsc,LDSC,AFR–SAS,37.0,-0.0067011230956599,0.0563859713811104,-0.0020944925811883,0.0380152625100432,SAS,AFR,SAS-AFR,SAS-AFR,h2,
sumher,SumHer,AFR–SAS,37.0,0.0119508374621697,0.1189414560178551,0.0294831845007487,0.0427376761352143,SAS,AFR,SAS-AFR,SAS-AFR,h2,
sumher_ldak,SumHer-LDAK,AFR–SAS,37.0,0.1138827683039737,0.1052066345233076,0.0621973129366423,0.038733025102223,SAS,AFR,SAS-AFR,SAS-AFR,h2,
sumrhe,SUMMIT,AFR–SAS,40.0,0.5395212555804878,0.0570124132562853,0.3420073852931759,0.0450791089921323,SAS,AFR,SAS-AFR,SAS-AFR,h2,
covldsc,cov-LDSC,EUR_300k–SAS,37.0,0.8216882203416161,0.0645168285847134,0.6223649901176506,0.0706405510365537,EUR_300k,SAS,EUR_300k-SAS,EUR (300k)-SAS,h2,
ldsc,LDSC,EUR_300k–SAS,37.0,0.7403897080005134,0.0759925306295219,0.5567278736544572,0.0677894673508085,EUR_300k,SAS,EUR_300k-SAS,EUR (300k)-SAS,h2,
sumher,SumHer,EUR_300k–SAS,37.0,-0.1667774544541575,0.11320167924295,0.0153730840543275,0.0439520863769921,EUR_300k,SAS,EUR_300k-SAS,EUR (300k)-SAS,h2,
sumher_ldak,SumHer-LDAK,EUR_300k–SAS,37.0,-0.2077359532330087,0.0898999090148193,0.0023468685377826,0.0349947831976624,EUR_300k,SAS,EUR_300k-SAS,EUR (300k)-SAS,h2,
sumrhe,SUMMIT,EUR_300k–SAS,40.0,0.9309275419761212,0.0149184773241391,0.7763158327424317,0.023647589223408,EUR_300k,SAS,EUR_300k-SAS,EUR (300k)-SAS,h2,
covldsc,cov-LDSC,EUR–EUR_300k,37.0,0.9360246192615548,0.0240742866019161,0.8070446007113316,0.0349544327044149,EUR_300k,EUR,EUR_300k-EUR,EUR (300k)-EUR,h2,
ldsc,LDSC,EUR–EUR_300k,37.0,0.9324796817214906,0.0259594591592814,0.8010242474418944,0.0365782881779528,EUR_300k,EUR,EUR_300k-EUR,EUR (300k)-EUR,h2,
sumher,SumHer,EUR–EUR_300k,37.0,0.0847918739747066,0.089475926885078,0.0567243975806114,0.0419771653210876,EUR_300k,EUR,EUR_300k-EUR,EUR (300k)-EUR,h2,
sumher_ldak,SumHer-LDAK,EUR–EUR_300k,37.0,0.2435411367385248,0.1150603438069039,0.1657407019852202,0.0515542824168242,EUR_300k,EUR,EUR_300k-EUR,EUR (300k)-EUR,h2,
sumrhe,SUMMIT,EUR–EUR_300k,40.0,0.9359902566818122,0.0136882860689679,0.8219409120452483,0.0208130540683831,EUR_300k,EUR,EUR_300k-EUR,EUR (300k)-EUR,h2,
covldsc,cov-LDSC,EUR–SAS,37.0,0.668366555337552,0.1024469452193514,0.4473789220296379,0.0854551857413762,EUR,SAS,EUR-SAS,EUR-SAS,h2,
ldsc,LDSC,EUR–SAS,37.0,0.5822624163283745,0.1102257181991627,0.3939337338825864,0.0823151472504995,EUR,SAS,EUR-SAS,EUR-SAS,h2,
sumher,SumHer,EUR–SAS,37.0,0.1029969236147617,0.0835627343011918,0.0927145051893732,0.0370881734794312,EUR,SAS,EUR-SAS,EUR-SAS,h2,
sumher_ldak,SumHer-LDAK,EUR–SAS,37.0,0.0969783662310096,0.0921636126472372,0.0670169752271257,0.0348332967397692,EUR,SAS,EUR-SAS,EUR-SAS,h2,
sumrhe,SUMMIT,EUR–SAS,40.0,0.8516714919288254,0.0277593241174414,0.6510100229781561,0.0332081605480977,EUR,SAS,EUR-SAS,EUR-SAS,h2,
sumrhe,SUMMIT,EUR_300k-EUR,,0.1748112845782901,0.05312504036092733,0.22430651577038285,0.05204250438582608,EUR_300k,EUR,EUR_300k-EUR,EUR (300k)-EUR,tau_star,9.0
sumrhe,SUMMIT,EUR_300k-SAS,,-0.035752302429946384,0.05472961601993217,0.08357533293521945,0.05441689576507176,EUR_300k,SAS,EUR_300k-SAS,EUR (300k)-SAS,tau_star,9.0
sumrhe,SUMMIT,EUR_300k-AFR,,0.024532611055401173,0.05476668131279747,0.06020972139896656,0.05460100212067129,EUR_300k,AFR,EUR_300k-AFR,EUR (300k)-AFR,tau_star,9.0
sumrhe,SUMMIT,EUR-SAS,,0.033434870767041595,0.05473840240851986,0.057831069433551874,0.0546163886580499,EUR,SAS,EUR-SAS,EUR-SAS,tau_star,9.0
sumrhe,SUMMIT,EUR-AFR,,0.06248262944242298,0.05458572022478331,0.061605927736965965,0.05459168180606402,EUR,AFR,EUR-AFR,EUR-AFR,tau_star,9.0
sumrhe,SUMMIT,SAS-AFR,,0.04058777155331007,0.05470938726867084,0.09675660045210224,0.054286636778086,SAS,AFR,SAS-AFR,SAS-AFR,tau_star,9.0
covldsc,cov-LDSC,EUR_300k-EUR,,0.20449791700561407,0.05477553918125669,0.2506049429650094,0.05357599579295729,EUR_300k,EUR,EUR_300k-EUR,EUR (300k)-EUR,tau_star,9.0
covldsc,cov-LDSC,EUR_300k-SAS,,-0.03083766467354448,0.05711183219333737,0.0630820197027755,0.05693871125174402,EUR_300k,SAS,EUR_300k-SAS,EUR (300k)-SAS,tau_star,9.0
covldsc,cov-LDSC,EUR_300k-AFR,,0.007663417608683403,0.05716283779294691,0.009463451035402849,0.05716107541997532,EUR_300k,AFR,EUR_300k-AFR,EUR (300k)-AFR,tau_star,9.0
covldsc,cov-LDSC,EUR-SAS,,-0.048495192094271805,0.05703175252429964,0.020731687118070316,0.05714162485390434,EUR,SAS,EUR-SAS,EUR-SAS,tau_star,9.0
covldsc,cov-LDSC,EUR-AFR,,0.058881816096767195,0.056967995946717,0.10078625757761138,0.056585508286022344,EUR,AFR,EUR-AFR,EUR-AFR,tau_star,9.0
covldsc,cov-LDSC,SAS-AFR,,-0.08266148878969383,0.05677558291120269,-0.06991974803858886,0.05688672260149737,SAS,AFR,SAS-AFR,SAS-AFR,tau_star,9.0
ldsc,LDSC,EUR_300k-EUR,,0.20473154860491755,0.054770073582256905,0.25618191196856444,0.05341442499900898,EUR_300k,EUR,EUR_300k-EUR,EUR (300k)-EUR,tau_star,9.0
ldsc,LDSC,EUR_300k-SAS,,-0.06671970545760518,0.056911718638583346,0.042480576799354075,0.05706303296592234,EUR_300k,SAS,EUR_300k-SAS,EUR (300k)-SAS,tau_star,9.0
ldsc,LDSC,EUR_300k-AFR,,0.026952616255236338,0.05712466703537602,0.06044678397882752,0.05695732042123978,EUR_300k,AFR,EUR_300k-AFR,EUR (300k)-AFR,tau_star,9.0
ldsc,LDSC,EUR-SAS,,-0.007753978360067252,0.057162757976878656,0.004835948473671756,0.057164858136134006,EUR,SAS,EUR-SAS,EUR-SAS,tau_star,9.0
ldsc,LDSC,EUR-AFR,,-0.02670405359435241,0.05712542946347081,0.008261694055288848,0.05716229313520835,EUR,AFR,EUR-AFR,EUR-AFR,tau_star,9.0
ldsc,LDSC,SAS-AFR,,-0.040610074076560664,0.057071917809626824,-0.11309222806737292,0.05643504787062724,SAS,AFR,SAS-AFR,SAS-AFR,tau_star,9.0
sumher,SumHer-GCTA,EUR_300k-EUR,,-0.023269726859632685,0.05713524068545441,-0.005480847020545563,0.057164477793064654,EUR_300k,EUR,EUR_300k-EUR,EUR (300k)-EUR,tau_star,9.0
sumher,SumHer-GCTA,EUR_300k-SAS,,0.11471857377523675,0.056413867845680865,0.12313206045435073,0.05629946953480481,EUR_300k,SAS,EUR_300k-SAS,EUR (300k)-SAS,tau_star,9.0
sumher,SumHer-GCTA,EUR_300k-AFR,,-0.13169790806699555,0.056174685181875024,0.06455965767026993,0.05692792923924004,EUR_300k,AFR,EUR_300k-AFR,EUR (300k)-AFR,tau_star,9.0
sumher,SumHer-GCTA,EUR-SAS,,-0.006902758434586984,0.05716347118841067,0.05355236215230705,0.05700225066107397,EUR,SAS,EUR-SAS,EUR-SAS,tau_star,9.0
sumher,SumHer-GCTA,EUR-AFR,,-0.02290899539338253,0.05713619296668787,-0.0801671448015877,0.05679880099695235,EUR,AFR,EUR-AFR,EUR-AFR,tau_star,9.0
sumher,SumHer-GCTA,SAS-AFR,,0.05146397243211741,0.05701478806706149,0.04364380700455545,0.057057305914464784,SAS,AFR,SAS-AFR,SAS-AFR,tau_star,9.0
sumher_ldak,SumHer-LDAK,EUR_300k-EUR,,0.03163606058578603,0.05710898081402178,0.03143587935098807,0.05710970258404294,EUR_300k,EUR,EUR_300k-EUR,EUR (300k)-EUR,tau_star,9.0
sumher_ldak,SumHer-LDAK,EUR_300k-SAS,,0.03865320569357305,0.057080784732724536,0.19866989325585038,0.05490986096471605,EUR_300k,SAS,EUR_300k-SAS,EUR (300k)-SAS,tau_star,9.0
sumher_ldak,SumHer-LDAK,EUR_300k-AFR,,0.029540321087269044,0.05711631007813741,-0.01009603462798968,0.0571603681020889,EUR_300k,AFR,EUR_300k-AFR,EUR (300k)-AFR,tau_star,9.0
sumher_ldak,SumHer-LDAK,EUR-SAS,,-0.001206316876936174,0.057166111859232614,0.03632779122149106,0.057090752338843385,EUR,SAS,EUR-SAS,EUR-SAS,tau_star,9.0
sumher_ldak,SumHer-LDAK,EUR-AFR,,-0.013538355079960769,0.05715571722378014,-0.014109123112155685,0.057154815124259774,EUR,AFR,EUR-AFR,EUR-AFR,tau_star,9.0
sumher_ldak,SumHer-LDAK,SAS-AFR,,0.0022957754331356913,0.05716589374822201,0.028402051620371856,0.057120080419291654,SAS,AFR,SAS-AFR,SAS-AFR,tau_star,9.0
