reference_pop,target_pop,phen,n_annotations,pearson,spearman,mean_abs_log2_diff,median_abs_log2_diff,mean_signed_log2_diff
EUR_300k,EUR,albumin,44,0.6641494043556553,0.703875968992248,0.6638765378201249,0.5081950667983343,-0.22332575358747225
EUR_300k,EUR,alka_phos,45,0.6899433016714211,0.675889328063241,0.548339020103781,0.4784318407223034,-0.1531958276078478
EUR_300k,EUR,asp_at,44,0.5867636987562854,0.7210711768851303,0.48670721674600836,0.372914751997629,-0.12183679810522151
EUR_300k,EUR,blood_mscv,46,0.61857725830352,0.6,0.7108921486127606,0.5734018015847613,0.2658131154468909
EUR_300k,EUR,blood_platelet,47,0.8780419098041296,0.8319842738205366,0.45319423824517,0.3270049669793169,0.27292504725423533
EUR_300k,EUR,blood_rbc_count,44,0.270399834955551,0.40972515856236785,0.6124245144164133,0.35544513522642257,-0.22243102821307426
EUR_300k,EUR,bmi,41,-0.13357179724588544,-0.16324041811846693,0.6199517738382175,0.3166214959749634,-0.12310926087282742
EUR_300k,EUR,cystatin_c,45,0.4674871817762704,0.4628458498023715,0.5611561869521388,0.3825628970527699,-0.3952206315878788
EUR_300k,EUR,ggt,44,0.6428711584305046,0.7338971106412966,0.6486010747931686,0.4847028780104204,-0.2976268481481022
EUR_300k,EUR,glucose,36,0.5192009252744865,0.46924066924066926,0.9580406374772369,0.71141504662951,0.14354215531941528
EUR_300k,EUR,hba1c,45,0.753501040509397,0.7109354413702239,0.8083455165489843,0.7749507224335421,0.14555644512605662
EUR_300k,EUR,hdl,48,0.849154100756745,0.7442466348241424,0.33916079137367916,0.23835868204521463,0.008137408841988492
EUR_300k,EUR,height,46,0.46683412417151104,0.381313598519889,0.4001324833242307,0.28478997544004014,-0.20982640683711634
EUR_300k,EUR,ldl,45,0.7273023620918936,0.6741765480895915,0.8625061791985721,0.5957132079506674,0.5607093707729482
EUR_300k,EUR,triglycerides,44,0.6894604937010932,0.6594785059901338,0.5900279140797082,0.3924624513034211,-0.0017548231036040333
EUR_300k,EUR,testosterone,34,0.54432948594356,0.5917494270435447,1.6001133498734779,1.1857916738272705,0.28105410918608803
EUR_300k,EUR,urate,44,0.6550616884695932,0.6173361522198731,0.7196244662519079,0.38880294200977406,0.17653009612815437
EUR_300k,EUR,bp_systolic,36,0.13969800222508794,0.23217503217503221,0.7605518449043506,0.6144735032339012,0.24954408074282267
EUR_300k,EUR,alanine_aminotransferase,46,0.5590179094896758,0.5657107616404564,0.6031606492551246,0.40965852541521447,-0.05675188206940941
EUR_300k,EUR,heel_bone_mineral_density,41,0.21445906857999164,0.4128919860627178,0.7680615980825813,0.5723344490856377,0.25483510531944936
EUR_300k,EUR,creatinine,44,0.7650574247099702,0.6825933756166315,0.5935420445188595,0.3622948024036668,-0.2163713254870345
EUR_300k,EUR,diastolic_blood_pressure,41,0.4817269396520106,0.4665505226480837,1.274125377073671,1.3205963005192378,0.9927906088291546
EUR_300k,EUR,educational_qualification,38,0.19528236038417804,0.2484954590217748,0.5493962482147788,0.3098163276878526,0.18289043113184258
EUR_300k,EUR,fluid_intelligence_score,39,0.11906580786897478,0.05829959514170041,0.8924447508624564,0.6629847812196226,0.23892452238238554
EUR_300k,EUR,hand_grip_strength,36,0.5029135531395593,0.6476190476190478,1.1094842261606657,0.7289837092341827,-0.04745380666938323
EUR_300k,EUR,haemoglobin_concentration,39,0.39837138732866123,0.43825910931174095,0.8878471326698557,0.6478893080621184,0.2634717216899946
EUR_300k,EUR,igf_1,46,0.39714712813614034,0.5474560592044403,0.6402216092155277,0.32084302947049426,-0.1089962087362475
EUR_300k,EUR,neuroticism_score,27,0.09415536054426972,0.038461538461538464,1.2052179065329833,0.7684751669002727,0.6470343150633717
EUR_300k,EUR,sleep_duration,35,0.17659752198307685,0.21512605042016805,1.2658017156633652,1.0219260862179729,0.9269087826002823
EUR_300k,EUR,vitamin_d,45,0.4963280009088226,0.4487483530961791,0.663730868475886,0.489489525070373,-0.184462410903606
EUR_300k,EUR,white_blood_cell_count,46,0.6141069146997101,0.588159111933395,0.5067856077220839,0.25667883760834564,-0.08406601009968907
EUR_300k,EUR,whr,45,0.3466401196171704,0.22160737812911724,0.7164086473623451,0.515809639555169,-0.029099187658657013
EUR_300k,EUR,dyslipidaemia_e78,44,0.5451916995367939,0.5508104298801972,1.0190456608197278,0.7281344063961888,0.42105128524004787
EUR_300k,EUR,hypertension_i10,44,0.3110080905531132,0.4851303735024665,0.6638255723740207,0.39610288723698767,-0.1438754998676266
EUR_300k,EUR,type2_diabetes_e11,45,0.5948205812566656,0.6202898550724637,0.7238449381852601,0.5427782791883169,0.1881933480042376
EUR_300k,EUR,apo_b,46,0.5490634042833867,0.6907801418439716,0.7789343602432146,0.44917694186006213,0.34584208282746665
EUR_300k,EUR,urea,40,0.3377082337211884,0.45797373358348975,1.1349460529225504,1.0871672737971485,0.5258967750129606
EUR_300k,EUR,calcium,40,0.7629347389811486,0.8129455909943716,0.8222698267907236,0.6719680719612275,0.6865197963509331
EUR_300k,SAS,albumin,43,0.6104041356143896,0.7506795530051343,0.5651778554317916,0.37725632863868297,-0.15897367072162058
EUR_300k,SAS,alka_phos,47,0.6058305956479075,0.6621184088806661,0.6563113303733561,0.5339797987009212,-0.04972962985448484
EUR_300k,SAS,asp_at,38,0.605683428654174,0.6362840573366889,1.0662303110066687,0.9849052689574003,-0.6972107237456049
EUR_300k,SAS,blood_mscv,45,0.6406242720773879,0.7102766798418971,0.59342441210045,0.4289931710643835,-0.3542211470049535
EUR_300k,SAS,blood_platelet,44,0.5660037858272962,0.5051444679351657,0.48980075780282367,0.3279427632577609,-0.0750127927607297
EUR_300k,SAS,blood_rbc_count,44,0.34586610614965874,0.35489781536293163,0.6712476154070107,0.46374833530158144,-0.31648921063397517
EUR_300k,SAS,bmi,40,-0.1777835726999852,0.0022514071294559104,0.8973835977997606,0.5414253770172495,-0.2865897076417475
EUR_300k,SAS,cystatin_c,43,0.3318279381346787,0.4643612201751736,0.5890940601340957,0.34695290335943113,-0.22269936684111133
EUR_300k,SAS,ggt,45,0.7591308606363857,0.7106719367588933,0.5922150862629848,0.45240916770131623,0.40438995870631184
EUR_300k,SAS,glucose,44,0.7307675737522283,0.5949260042283298,0.7762069983613695,0.6832074989148391,0.11203373097699408
EUR_300k,SAS,hba1c,48,0.44864519000118286,0.5443986105080331,0.6407458621103923,0.40288920485604984,-0.09157232821891777
EUR_300k,SAS,hdl,42,0.6116499087463863,0.4399157280609351,0.7527879813244296,0.5132486464773356,-0.3412660859889837
EUR_300k,SAS,height,45,0.004117867824222135,0.09762845849802369,0.6605502430889295,0.4025429542948652,-0.4158258827627834
EUR_300k,SAS,ldl,47,0.748183674220008,0.7429463459759482,0.9453626971375041,0.6982715896159595,0.21330593719955504
EUR_300k,SAS,triglycerides,45,0.6929714907949204,0.4388669301712779,0.6726898611000744,0.4534845293846019,0.06553282111000258
EUR_300k,SAS,urate,43,0.6313347386099178,0.6670190274841438,0.7462114090400687,0.5005659156115477,0.33499563291305473
EUR_300k,SAS,bp_systolic,39,0.5880128840614998,0.5872469635627531,1.469071637838807,1.4838422865514527,1.2248874913843402
EUR_300k,SAS,alanine_aminotransferase,36,0.31931019953226714,0.3765765765765766,1.0360641107374973,0.7292131924782307,-0.8677776462974104
EUR_300k,SAS,heel_bone_mineral_density,32,0.5594479727777413,0.5604838709677419,1.3306851435040992,1.2646393141044854,1.0058378104785382
EUR_300k,SAS,creatinine,46,0.5987871944235527,0.6130743139068763,0.5046375782104521,0.3462614896521413,-0.26449476962345125
EUR_300k,SAS,diastolic_blood_pressure,33,0.550763531435689,0.428475935828877,1.408736897778421,1.0824220714100075,1.2030338721639324
EUR_300k,SAS,educational_qualification,41,0.478954589801218,0.41358885017421615,0.5471013028006353,0.2156725760718765,-0.04988381522375313
EUR_300k,SAS,fluid_intelligence_score,42,0.4450798548288536,0.36212624584717606,0.7172198553257403,0.49991436682911605,0.16463404401866072
EUR_300k,SAS,hand_grip_strength,38,0.22186829634705502,0.15920779078673816,0.7434082280082273,0.4808081631364259,-0.5053012253829066
EUR_300k,SAS,haemoglobin_concentration,45,0.7328490724975907,0.7175230566534915,0.5379261407025202,0.3838595223490498,0.01045825551922901
EUR_300k,SAS,igf_1,44,0.5227008484746554,0.5837914023960535,0.7774719038863658,0.49894952228189104,0.07219819960012483
EUR_300k,SAS,neuroticism_score,30,-0.1189813621839718,-0.03670745272525028,1.1257156620269528,0.7880351453875496,0.5702200572404859
EUR_300k,SAS,sleep_duration,38,0.0061911068059004575,0.10493489440857862,0.8857474579119562,0.5435386101670963,0.5840715633744877
EUR_300k,SAS,vitamin_d,45,0.5032459435665098,0.5998682476943346,1.5951397282325652,1.3994345566535946,0.9008458202798828
EUR_300k,SAS,white_blood_cell_count,46,0.7216856896134721,0.733950046253469,0.6456734865582913,0.5145695587682741,0.5051470220114199
EUR_300k,SAS,whr,41,0.4848154182733627,0.3489547038327527,1.1418766033656256,1.105249992614497,-0.21276828540811418
EUR_300k,SAS,chronic_ischaemic_heart_disease_i25,42,0.6295234517308906,0.5974394295437971,0.4987666287385917,0.3576052383772671,0.2501775441080442
EUR_300k,SAS,dyslipidaemia_e78,34,0.49352530578359516,0.5789152024446141,0.6584353356920313,0.43411682794698825,0.2942136894406629
EUR_300k,SAS,hypertension_i10,40,0.24963011490541454,0.28911819887429646,0.7781025712189992,0.5869230929578009,0.1590602607573895
EUR_300k,SAS,ever_smoked,46,0.04406712424496323,0.08307123034227566,0.975883921614571,0.6001368146661736,0.403399301016392
EUR_300k,SAS,type2_diabetes_e11,40,0.34202878177152646,0.16116322701688557,0.8066244415349069,0.5213244033890824,0.07009705228984522
EUR_300k,SAS,apo_b,45,0.6088685919556769,0.5928853754940712,0.779851551817817,0.5278397449488534,0.26629805121856803
EUR_300k,SAS,urea,43,0.4787511051154256,0.45726366656599216,0.8929571100869361,0.8291816348054105,0.7053270981896627
EUR_300k,SAS,calcium,36,0.46527460278255817,0.6069498069498069,1.2310188369093646,1.0925567945790162,0.5823677743796056
EUR_300k,AFR,albumin,37,0.626016701482965,0.5832147937411095,1.3017056301029397,1.0619174720166495,0.6102569750492677
EUR_300k,AFR,alka_phos,34,0.5287267483293255,0.626585179526356,1.1300856088288693,0.9669907265765499,0.9757343810549292
EUR_300k,AFR,asp_at,34,0.5358465351909489,0.5349121466768525,0.6682675312615584,0.5421276890010749,0.27753245702672347
EUR_300k,AFR,blood_mscv,33,0.3129354674118904,0.5370989304812834,1.9400995751828543,0.9461926203522095,-0.8718765972216166
EUR_300k,AFR,blood_platelet,32,0.6813692194677942,0.7664956011730204,1.011302523519838,0.8085858591256074,-0.01058064170765978
EUR_300k,AFR,blood_rbc_count,37,0.4957673333268656,0.530583214793741,1.160967187946511,0.8058049092393619,0.14433834781753327
EUR_300k,AFR,bmi,29,0.1682638100672649,0.22512315270935954,1.78525477714731,1.1115987227319712,1.1429454354632025
EUR_300k,AFR,cystatin_c,33,0.4697733021403462,0.44685828877005357,3.256876408091535,2.913928820049622,3.2549522044242876
EUR_300k,AFR,ggt,39,0.32521690710574525,0.43097165991902836,0.8374819742518546,0.647883809040401,-0.017632433881793873
EUR_300k,AFR,hdl,39,0.4280680978631024,0.4082995951417004,1.2735712926349365,1.2561345545970832,0.9684384403842756
EUR_300k,AFR,height,44,0.48398745224480694,0.5312191684284707,0.7966071778830804,0.6345561821907976,0.13511416734898296
EUR_300k,AFR,ldl,38,0.6148346616289163,0.7236021446547762,1.1697359941497079,1.0637318990333164,0.3918067725124217
EUR_300k,AFR,triglycerides,39,0.6453808459247781,0.6279352226720647,1.299833679159517,1.2200654506564923,0.44437365471258916
EUR_300k,AFR,bp_systolic,31,0.4020840631193154,0.3419354838709678,0.880796183067529,0.7019758222088359,0.6798910480902519
EUR_300k,AFR,alanine_aminotransferase,33,0.4797089770247164,0.4364973262032085,1.0624565427999564,0.6908203278619488,0.6673335781601192
EUR_300k,AFR,creatinine,34,0.5561944355255206,0.522077922077922,0.9922113855980385,0.6852820408833438,0.5749352617656537
EUR_300k,AFR,diastolic_blood_pressure,22,0.24412612713848703,0.18464144551101075,1.4230389008610802,1.3255892770546982,0.5457615157672202
EUR_300k,AFR,educational_qualification,41,0.40732700614934175,0.3724738675958189,2.340616164635979,2.415390798791522,2.142592113539817
EUR_300k,AFR,fluid_intelligence_score,29,0.262927886304543,0.2645320197044334,2.218330659274078,2.251073694590005,1.7928772538503968
EUR_300k,AFR,hand_grip_strength,28,0.4712246145578135,0.5812807881773399,2.132586173622989,1.8568521043406154,1.6552416030190138
EUR_300k,AFR,haemoglobin_concentration,32,0.40711668885792873,0.4765395894428152,1.1974514962375093,0.859537647194482,-0.2937921530002774
EUR_300k,AFR,igf_1,37,0.6124766953952464,0.6929824561403508,1.690082029040094,1.2618334921126348,0.8850229482433849
EUR_300k,AFR,neuroticism_score,26,0.12525159025729818,0.04820512820512819,1.5026506003843774,0.6980538742982728,0.5417034510958084
EUR_300k,AFR,vitamin_d,34,0.12749528961381754,0.3152024446142093,1.5856435189792208,1.349093131692723,0.9219674382984173
EUR_300k,AFR,white_blood_cell_count,46,0.5846647793641347,0.6256552574776442,0.8982861819445818,0.6978669460378526,0.46070608936518515
EUR_300k,AFR,chronic_ischaemic_heart_disease_i25,29,0.46485381142545273,0.5492610837438423,1.576888727958217,1.401783221987274,-0.21287223129987498
EUR_300k,AFR,dyslipidaemia_e78,29,0.4574121772155589,0.45911330049261073,1.4997072497879143,1.4087927846823207,0.7236612163555247
EUR_300k,AFR,hypertension_i10,20,0.14676892437503697,0.26616541353383455,2.2178008561251543,1.3254406089829267,-1.0338560937973544
EUR_300k,AFR,ever_smoked,36,-0.23247349077916532,-0.061518661518661526,2.271975071183112,2.005875893573991,1.9913154279138756
EUR_300k,AFR,type2_diabetes_e11,23,0.6379958963305804,0.7094861660079053,1.9629582784735806,1.9024070804167237,0.9417613726177553
EUR_300k,AFR,apo_b,38,0.7826696191548239,0.7039063354852828,0.9856540297014632,0.7552109246903084,0.0922117584813146
EUR_300k,AFR,urea,30,0.7402835862280973,0.7948832035595106,1.531002635321502,1.3063680970416676,1.3159215020630355
