h2_cfg	pop	method_plot	N_valid	bias	var	mse	true_se	mean_reported_se	median_reported_se	min_reported_se	max_reported_se	rej_0p001	rej_0p01	rej_0p05	rej_0p1	rej_0p2	fpr	fpr_lo	fpr_hi	fpr_se	N_total	N_calib	fail_rate	method	fpr_interval
flatH2	EUR	summit	100	0.001271364	0.0118721154721684	0.0117550106838672	0.1089592376633041	0.106862014	0.105312	0.0774554	0.180423	0.0	0.0	0.04	0.09	0.19	0.04	0.01566330399154762	0.0983707143588792	0.019595917942265423	100	100		summit	Wilson score, two-sided 95%
flatH2	EUR	covldsc	63	-0.0602666666666666	1.273324122903226	1.2567447000000005	1.1284166441980663	3.5763349206349213	0.7591	0.2466	51.3172	0.0	0.0	0.0	0.0	0.0	0.0	0.0	0.05747119958885172	0.0	63	63		covldsc	Wilson score, two-sided 95%
flatH2	EUR	sumher_ldak	73														0.0	0.0	0.0499920079557311	0.0	100	73	0.27	sumher_ldak	Wilson score, two-sided 95%
flatH2	SAS	summit	100	-0.0028196643999999	0.011105620630186	0.0110025149312127	0.1053832084830692	0.105828536	0.102993	0.078003	0.163686	0.0	0.01	0.04	0.04	0.23	0.04	0.01566330399154762	0.0983707143588792	0.019595917942265423	100	100		summit	Wilson score, two-sided 95%
flatH2	SAS	covldsc	56	0.2476535714285714	1.4360758301688308	1.471763910357143	1.198363813776447	2.8980749999999995	0.56385	0.2055	75.092	0.0	0.0	0.0	0.0	0.0178571428571428	0.0	0.0	0.06419393671876342	0.0	56	56		covldsc	Wilson score, two-sided 95%
flatH2	SAS	sumher_ldak	80														0.375	0.27694178701531175	0.48451274536857	0.05412658773652741	100	80	0.19999999999999996	sumher_ldak	Wilson score, two-sided 95%
flatH2	AFR	summit	100	0.0181193043999999	0.054035998817638	0.0538239480214015	0.232456444990536	0.21883392	0.1997795	0.136003	0.90651	0.0	0.02	0.05	0.15	0.26	0.05	0.02154367915436796	0.11175046923191913	0.021794494717703367	100	100		summit	Wilson score, two-sided 95%
flatH2	AFR	covldsc	69	0.0406188405797101	0.5855584780221654	0.5787220134782608	0.7652179284505594	2.0799971014492757	0.5029	0.258	57.3578	0.0	0.0	0.0	0.0	0.0434782608695652	0.0	0.0	0.05273725818905173	0.0	69	69		covldsc	Wilson score, two-sided 95%
flatH2	AFR	sumher_ldak	68														0.9558823529411765	0.8781280481750362	0.9848833802919585	0.024903130052741824	100	68	0.31999999999999995	sumher_ldak	Wilson score, two-sided 95%
