metric	pop	method	method_label	profile	profile_label	n_expected	n_finite	mean	mean_ci95_low	mean_ci95_high	median	sd	rmse	q025	q975
rg	EUR	S-GW	SUMMIT	common_positive	High-MAF positive	100	100	0.013034990000000014	-0.013105354749999987	0.03989099415	-0.005496000000000001	0.13642215025012389	0.13636276622443091	-0.18834787499999997	0.2948037499999998
rg	EUR	S-GW	SUMMIT	low_positive	Low-MAF positive	100	100	0.02369470100000001	-0.0012839629999999898	0.051027112274999994	0.018653500000000017	0.13211262993312628	0.13356888999107577	-0.18543779999999999	0.24906997499999992
rg	EUR	U-W	cov-LDSC	common_positive	High-MAF positive	100	64	0.271203125	-0.19044007812499997	1.0339361328124996	0.039349999999999996	2.6455185067418996	2.6387427975979394	-2.0933625	1.5217799999999986
rg	EUR	U-W	cov-LDSC	low_positive	Low-MAF positive	100	60	0.22325499999999998	-0.0780364166666667	0.6132952916666662	0.11135	1.415661901298518	1.4214569181535774	-1.5751725	1.8516974999999984
rg	EUR	LDAK	SumHer-LDAK	common_positive	High-MAF positive	100	83	0.43376339759036153	0.21926122951807234	0.6709206737951807	0.30385100000000004	1.079772532701137	1.1575890092879637	-0.9587510499999999	3.3984872500000027
rg	EUR	LDAK	SumHer-LDAK	low_positive	Low-MAF positive	100	84	-0.09434305952380949	-0.2803017383928572	0.09814673184523803	-0.06865549999999998	0.8754658381390531	0.8753380808298409	-1.5466130500000002	1.5726724749999987
rg	SAS	S-GW	SUMMIT	common_positive	High-MAF positive	100	100	0.023398301000000014	-0.0016780202249999866	0.050312719749999985	0.01439299999999999	0.13374038852857592	0.13511146175740718	-0.18404615	0.25302874999999986
rg	SAS	S-GW	SUMMIT	low_positive	Low-MAF positive	100	100	0.01000252800000001	-0.01865264379999999	0.0391535493	0.00446450000000001	0.14527452329156526	0.14489199706266181	-0.22211966	0.32160359999999977
rg	SAS	U-W	cov-LDSC	common_positive	High-MAF positive	100	64	-0.040037500000000004	-0.22747238281249996	0.1744909374999999	-0.16635	0.829992219986486	0.8244551085034891	-1.2628525	1.9890575
rg	SAS	U-W	cov-LDSC	low_positive	Low-MAF positive	100	63	0.17584920634920634	-0.08518222222222217	0.49544222222222234	0.010800000000000032	1.1705654749946115	1.1744772857581816	-1.4076899999999999	3.370544999999993
rg	SAS	LDAK	SumHer-LDAK	common_positive	High-MAF positive	100	51	0.5812591764705881	-0.2419492328431372	1.6086400720588234	0.168504	3.4537076187556623	3.468728052845149	-2.7816457499999996	12.095094249999999
rg	SAS	LDAK	SumHer-LDAK	low_positive	Low-MAF positive	100	61	-0.8547640327868856	-1.4398714024590162	-0.15426677827868857	-0.555515	2.6152369140306195	2.730927187914168	-5.3146915	0.7723015
rg	AFR	S-GW	SUMMIT	common_positive	High-MAF positive	100	97	0.015733290814433008	-0.07233163869819587	0.11471660677371112	-0.013316999999999968	0.48620570856759027	0.4839488148667672	-0.5777426	0.9785119999999978
rg	AFR	S-GW	SUMMIT	low_positive	Low-MAF positive	100	97	0.005148932783505159	-0.07611228131958761	0.10274707021134002	-0.027849000000000013	0.44833277478384675	0.4460455134087497	-0.6450062	0.7253499999999986
rg	AFR	U-W	cov-LDSC	common_positive	High-MAF positive	100	76	-0.1793078947368421	-0.3375767763157895	-0.01679763157894751	-0.21355	0.7202606311168492	0.7376318228307613	-1.657275	1.31825
rg	AFR	U-W	cov-LDSC	low_positive	Low-MAF positive	100	79	0.12363037974683547	-0.021912753164556965	0.2754915822784808	0.0358	0.6708216262117999	0.6779306022883075	-0.95175	1.3355349999999995
rg	AFR	LDAK	SumHer-LDAK	common_positive	High-MAF positive	100	52	0.09259803846153856	-0.8118963149038462	1.5161147519230767	-0.2714215	4.49163242439232	4.449197685361749	-3.780199375	2.7900473750000008
rg	AFR	LDAK	SumHer-LDAK	low_positive	Low-MAF positive	100	50	0.12715143999999998	-0.4705343990000001	0.8228632104999999	-0.3193695	2.3640107454817954	2.3437029157622344	-3.2986838499999998	6.826986849999997
