metric	method	method_label	nbins	n_expected	n_finite	mean	median	sd	rmse	q025	q25	q75	q975	axis_low	axis_high
rg	summit	SUMMIT	1	100	100	0.038911290000000015	0.03874250000000001	0.015007840649995472	0.041678188751792	0.006334375000000034	0.031383499999999995	0.047250500000000015	0.06941717499999991	-0.15000000000000002	0.2
rg	summit	SUMMIT	8	100	100	-0.002526669999999992	-0.002231999999999984	0.009327090043951535	0.00961814555358776	-0.021979725000000002	-0.0074104999999999865	0.0028147500000000186	0.015652675	-0.15000000000000002	0.2
rg	summit	SUMMIT	24	100	100	-0.002366939999999988	-0.0024314999999999753	0.009054169364732058	0.009314537456041494	-0.020439449999999998	-0.006760749999999982	0.0027035000000000114	0.015898024999999996	-0.15000000000000002	0.2
rg	covldsc	cov-LDSC	1	100	100	0.141935	0.14025	0.01689491809911364	0.14292700269718106	0.11269750000000002	0.12990000000000002	0.151725	0.1764875	-0.15000000000000002	0.2
rg	covldsc	cov-LDSC	8	100	100	-0.002105999999999989	0.004200000000000037	0.04811243107807404	0.04791756671618458	-0.12123999999999999	-0.028224999999999986	0.02930000000000002	0.08321999999999999	-0.15000000000000002	0.2
rg	covldsc	cov-LDSC	24	100	100	-0.0019479999999999864	-0.0003999999999999837	0.04933711181271358	0.04912844186415848	-0.11847749999999999	-0.027599999999999972	0.03320000000000002	0.0815225	-0.15000000000000002	0.2
rg	sumher_ldak	SumHer-LDAK	1	100	100	0.09049406000000002	0.089637	0.01456006094713351	0.09164633280344611	0.06376875000000003	0.08086349999999999	0.10064574999999999	0.11716602500000002	-0.15000000000000002	0.2
rg	sumher_ldak	SumHer-LDAK	8	100	100	0.029788110000000007	0.028512499999999996	0.026848090542827406	0.04001178905660181	-0.019331574999999976	0.012525750000000016	0.04654075000000002	0.07895694999999997	-0.15000000000000002	0.2
rg	sumher_ldak	SumHer-LDAK	24	100	100	0.01270352000000001	0.010030500000000026	0.04034496887750527	0.04210485445860133	-0.06475564999999998	-0.01056424999999997	0.037897000000000014	0.09527929999999991	-0.15000000000000002	0.2
